hour,flow_mean_avg,occupancy_avg,voc_activity_frac
2025-07-03 13:00:00,0.7260524060170189,0.0799891310690943,0.0149325412001173
2025-07-03 14:00:00,0.2052723743581018,0.0175493865283267,0.0279176079261459
2025-07-03 16:00:00,0.2196084915820063,0.0270551320624325,0.0200466034614632
2025-07-03 17:00:00,0.2077475983775064,0.0266956993861839,0.0152706380405201
2025-07-06 11:00:00,0.201790387755178,0.0219326843929697,0.0415213039748355
2025-07-06 12:00:00,0.1855462374259978,0.0198464019894268,0.0155552393318984
2025-07-06 13:00:00,0.2036554778204014,0.0240348434023915,0.0081644995464166
2025-07-06 14:00:00,0.189902084665933,0.0210650234510331,0.010556929152066
2025-07-06 15:00:00,0.1985662614363859,0.0206124404872318,0.0143012148917625
2025-07-06 16:00:00,0.2060572613832946,0.025106656831602,0.0165559084398658
2025-07-06 17:00:00,0.2220330098949675,0.0293965371491065,0.0202333730589302
2025-07-06 18:00:00,0.2742080219949667,0.0414213575053418,0.0006759280670236
2025-07-06 19:00:00,,,0.0002846012913783
2025-07-06 20:00:00,,,0.0003201764528006
2025-07-06 21:00:00,,,0.0002223447588893
2025-07-06 22:00:00,,,0.0003736422108943
2025-07-06 23:00:00,,,0.0001334068553336
2025-07-07 00:00:00,,,0.0002045571781781
2025-07-07 01:00:00,,,0.0001334068553336
2025-07-07 02:00:00,,,0.0002757075010227
2025-07-07 03:00:00,,,8.893790355573738e-05
2025-07-07 04:00:00,,,0.0005426708301084
2025-07-07 05:00:00,,,0.0184546149878155
2025-07-07 06:00:00,0.2552089429356374,0.0359767190682699,0.0079866237393052
2025-07-07 07:00:00,0.2096073205935736,0.024922804887003,0.0275262811505007
2025-07-07 08:00:00,0.2570180055925298,0.0333752048166697,0.0172984222415909
2025-07-07 09:00:00,0.2025427069925227,0.0234716332190087,0.02340845621587
2025-07-07 10:00:00,0.1887211208387313,0.0200609596363833,0.0414120117074559
2025-07-07 11:00:00,0.2086510748856918,0.0250081564374265,0.0051583984062327
2025-07-07 12:00:00,0.1965307456233399,0.0218762583665677,0.0190771803127056
2025-07-07 13:00:00,0.1825313455796799,0.0187599147692141,0.0057631761504117
2025-07-07 14:00:00,0.2261125706136226,0.0293649628058954,0.0156797523968765
2025-07-07 15:00:00,0.2034886834400401,0.023894959477852,0.0452516053291591
2025-07-07 16:00:00,0.2018907074596262,0.0230424187882582,0.0198919996085653
2025-07-07 17:00:00,0.2183820375831643,0.0281636035947257,0.0008715914548462
2025-07-07 18:00:00,0.2646594212168739,0.0400208746693121,3.5575161422294955e-05
2025-07-07 19:00:00,,,0.0001600882264003
2025-07-07 20:00:00,,,0.0006314591152457
2025-07-07 21:00:00,,,0.0004980522599121
2025-07-07 22:00:00,,,0.0008006618804878
2025-07-07 23:00:00,,,0.0010405734716021
2025-07-08 00:00:00,,,0.0003646454045785
2025-07-08 01:00:00,,,0.0002757075010227
2025-07-08 02:00:00,,,0.0001600882264003
2025-07-08 03:00:00,,,0.0004091143563563
2025-07-08 04:00:00,,,0.0004092271833604
2025-07-08 05:00:00,,,0.0230704921823582
2025-07-08 06:00:00,0.2646618689305683,0.0379840103139382,0.0113662640744232
2025-07-08 07:00:00,0.2313344071023912,0.0300141010695063,0.0158932033654102
2025-07-08 08:00:00,0.2371061300951106,0.0296475897328881,0.0145146658602963
2025-07-08 09:00:00,0.2130281900739298,0.0258551651479317,0.0086269766449065
2025-07-08 10:00:00,0.1768209902534429,0.017076229085558,0.0192247813748254
2025-07-08 11:00:00,0.2218942986574114,0.027140999544296,0.0192550561198171
2025-07-08 13:00:00,0.2294903868837422,0.0271038078849106,0.0138654191643394
2025-07-08 14:00:00,0.1866970080487124,0.0183272741336633,0.0109126807662889
2025-07-09 12:00:00,0.3292742439934724,0.0478656546677215,0.0204112488660417
2025-07-09 13:00:00,0.1933506631434415,0.0272081263748478,0.0266102207438766
2025-07-09 14:00:00,0.2505186598098606,0.0290505582632517,0.0128782084348707
2025-07-09 15:00:00,0.2270933417986726,0.0283111800511164,0.0227769971006243
2025-07-10 13:00:00,0.167164728923437,0.0222094358065102,0.0145324534410074
2025-07-10 14:00:00,0.1522901361983586,0.0175524579985675,0.0194685070883509
2025-07-10 15:00:00,0.223861806600683,0.0277828362084537,0.0099165762464647
2025-07-10 16:00:00,0.1667934426990877,0.0134290747549019,0.0218553948832035
2025-07-11 14:00:00,0.2086314940485506,0.0287570499539594,0.0416318326544406
2025-07-11 15:00:00,0.1524560450386243,0.0176759844737086,0.0298831355947277
2025-07-11 16:00:00,0.2393975783676726,0.0320538256522314,0.0219294343718306
2025-07-11 17:00:00,0.2820664797551356,0.040508313301282,0.0012095447309207
2025-07-12 16:00:00,0.1984872625565577,0.0293775989339138,0.0309058235325516
2025-07-12 17:00:00,0.227860651910305,0.0405985243055555,0.0002223427814192
2025-07-12 18:00:00,,,0.0001956633878226
2025-07-13 13:00:00,0.2064186860772575,0.0282974425747863,0.0209982390295095
2025-07-13 14:00:00,0.1966489876834914,0.0271790270439377,0.0452693929098703
2025-07-13 15:00:00,0.2727262382963066,0.0411933131221789,0.0189170920863053
2025-07-13 16:00:00,0.2345110405035395,0.0361560524292029,0.0125971923206946
2025-07-13 17:00:00,0.2078371914613306,0.0323073434908789,0.0005425163866629
2025-07-13 18:00:00,,,0.0004446895177786
2025-07-13 19:00:00,,,8.893790355573738e-05
2025-07-13 20:00:00,,,0.0002757075010227
2025-07-13 21:00:00,,,1.7787580711147478e-05
2025-07-13 22:00:00,,,0.0002935786345924
2025-07-13 23:00:00,,,2.668113377031101e-05
2025-07-14 00:00:00,,,8.893790355573739e-06
2025-07-14 01:00:00,,,6.225653248901617e-05
2025-07-14 02:00:00,,,0.0
2025-07-14 03:00:00,,,8.004411320016365e-05
2025-07-14 04:00:00,,,0.0012988630500151
2025-07-14 05:00:00,,,0.0186767936392177
2025-07-14 06:00:00,0.248245011163231,0.0408362722773499,0.017316209822302
2025-07-14 07:00:00,0.232305789879447,0.0368557597925554,0.0026236681548942
2025-07-14 08:00:00,0.2156919787963541,0.0313708148702363,0.006279015991035
2025-07-14 09:00:00,0.1911569015393334,0.0269292800256457,0.0219320870168448
2025-07-14 10:00:00,0.1791807997040969,0.0235692178901564,0.0182154392958778
2025-07-15 14:00:00,0.1946533622389113,0.0246217171365856,0.0142842839502052
2025-07-15 15:00:00,0.2386268402581058,0.0350591678863445,0.0157686903004322
2025-07-15 16:00:00,0.2282419429783695,0.0350033514912687,0.0387057756274569
2025-07-15 17:00:00,0.3220884841541911,0.0563345041989664,0.0005247336309788
2025-07-15 18:00:00,,,0.0002668137106672
2025-07-15 19:00:00,,,3.558528904151024e-05
2025-07-15 20:00:00,,,0.0001689805138786
2025-07-15 21:00:00,,,0.0004624770984898
2025-07-15 22:00:00,,,0.0003023888720895
2025-07-15 23:00:00,,,0.000124513064978
2025-07-16 00:00:00,,,0.0001156192746224
2025-07-16 01:00:00,,,8.89632226037756e-06
2025-07-16 02:00:00,,,2.668113377031101e-05
2025-07-16 03:00:00,,,0.0004980522599121
2025-07-16 04:00:00,,,0.0031217204148063
2025-07-16 05:00:00,,,0.0078532168839716
2025-07-16 06:00:00,0.2641724687169143,0.0427225287462908,0.0209359824970205
2025-07-16 07:00:00,0.2521385956445732,0.0401170546589995,0.0237976620465099
2025-07-16 08:00:00,0.2288791040081943,0.0325929959461757,0.0222876404094664
2025-07-16 09:00:00,0.2160339175672321,0.032204603556166,0.0125046692399366
2025-07-16 10:00:00,0.2191076456777453,0.0317465121490692,0.0192372685391059
2025-07-16 11:00:00,0.2020029636161089,0.0283212810316577,0.0100055141500204
2025-07-16 12:00:00,0.2352203622426652,0.0360824083239064,0.0086358704352621
2025-07-16 19:00:00,,,0.0002579933455509
2025-07-16 20:00:00,,,8.004340131093304e-05
2025-07-16 21:00:00,,,0.0001156192746224
2025-07-16 23:00:00,,,0.0001067254842668
2025-07-17 00:00:00,,,3.5575161422294955e-05
2025-07-17 02:00:00,,,0.000115618246338
2025-07-17 03:00:00,,,0.0005069460502677
2025-07-17 04:00:00,,,0.0025525178320496
2025-07-17 05:00:00,,,0.002961632188406
2025-07-17 10:00:00,0.2111764402372604,0.0287515608569926,0.0420587345915082
2025-07-17 11:00:00,0.2345159933109207,0.0324200744800449,0.020446824027464
2025-07-17 20:00:00,,,2.668113377031101e-05
2025-07-17 21:00:00,,,0.0001689820167559
2025-07-17 22:00:00,,,0.0002668137106672
2025-07-18 00:00:00,,,6.225653248901617e-05
2025-07-18 01:00:00,,,0.0001154401154401
2025-07-19 12:00:00,0.2035880576218858,0.0272074097068923,0.0194951884594176
2025-07-19 13:00:00,0.1993618144761378,0.0268183146635957,0.0299983986619931
2025-07-19 19:00:00,,,0.000213511734249
2025-07-19 20:00:00,,,0.0002134490701624
2025-07-19 21:00:00,,,9.783169391131112e-05
2025-07-19 22:00:00,,,0.0001156192746224
2025-07-19 23:00:00,,,0.000186769597467
2025-07-20 00:00:00,,,8.893790355573738e-05
2025-07-20 01:00:00,,,8.89632226037756e-06
2025-07-20 02:00:00,,,0.0
2025-07-20 03:00:00,,,0.0001956633878226
2025-07-20 04:00:00,,,0.0003913267756452
2025-07-20 05:00:00,,,0.0012184492787136
2025-07-20 06:00:00,,,0.0084402070474394
2025-07-20 07:00:00,0.3341292039060261,0.0560382058353703,0.0032560539472981
2025-07-20 08:00:00,0.2842358830003985,0.0432055185532987,0.0038420832629247
2025-07-20 09:00:00,0.2380218690071559,0.0344004426745192,0.0146480727156299
2025-07-20 10:00:00,0.267817893307542,0.0390724292609596,0.0067059179281025
2025-07-20 11:00:00,0.1998635491103199,0.0261708600129918,0.0091339226951742
2025-07-20 12:00:00,0.2220387621943293,0.0306865266963292,0.0076842348672157
2025-07-20 13:00:00,0.2247819164553443,0.0319239523087902,0.0121701688521965
2025-07-20 14:00:00,0.2473790533131077,0.035948828125,0.013473972554007
2025-07-20 15:00:00,0.2492237545893997,0.0385156708905274,0.0188103666020384
2025-07-20 16:00:00,0.2887104166119892,0.0458135580031242,0.0257119479179636
2025-07-20 17:00:00,0.3523731683952766,0.0593795306408382,0.0009338479873352
2025-07-20 18:00:00,,,0.0002757075010227
2025-07-20 19:00:00,,,6.227425582264292e-05
2025-07-20 20:00:00,,,9.783082382447372e-05
2025-07-20 21:00:00,,,7.115032284458991e-05
2025-07-20 22:00:00,,,0.000124513064978
2025-07-20 23:00:00,,,0.0002134509685337
2025-07-21 00:00:00,,,8.893790355573738e-05
2025-07-21 01:00:00,,,8.89632226037756e-06
2025-07-21 02:00:00,,,8.893711256770338e-06
2025-07-21 03:00:00,,,0.0001956633878226
2025-07-21 04:00:00,,,0.0002757075010227
2025-07-21 05:00:00,,,0.0012184492787136
2025-07-21 06:00:00,0.2922255646988485,0.0434194583127876,0.0075775093829488
2025-07-21 07:00:00,0.3014198897971826,0.0462100449346405,0.0077753856555699
2025-07-21 08:00:00,0.2876798516788987,0.0417493497613449,0.0081644269337151
2025-07-21 09:00:00,0.2698752574650124,0.0398263028040436,0.0103523719738878
2025-07-21 10:00:00,0.2414267499768939,0.0353307982439868,0.0048293281630765
2025-07-21 11:00:00,0.2243722574987475,0.0308634423499041,0.0095074618901083
2025-07-21 12:00:00,0.2287730832579537,0.0326314884375193,0.0048204343727209
2025-07-21 13:00:00,0.2104926529689238,0.0283500447311877,0.0055068234791737
2025-07-21 14:00:00,0.2273308495730297,0.0331528036268949,0.0090715854819057
2025-07-21 15:00:00,0.2685876164837005,0.0413170916582072,0.0071328198651701
2025-07-21 16:00:00,0.2752757060010365,0.0437969943153713,0.0189081982959497
2025-07-21 17:00:00,0.3105817489002062,0.0506423233695652,0.0003023888720895
2025-07-21 18:00:00,,,0.0001689820167559
2025-07-21 19:00:00,,,8.89632226037756e-05
2025-07-21 20:00:00,,,0.000115618246338
2025-07-21 21:00:00,,,9.783169391131112e-05
2025-07-21 22:00:00,,,8.893790355573738e-05
2025-07-21 23:00:00,,,1.7787580711147478e-05
2025-07-22 00:00:00,,,1.7787580711147478e-05
2025-07-22 01:00:00,,,0.0
2025-07-22 02:00:00,,,1.7787422513540676e-05
2025-07-22 03:00:00,,,0.0002045571781781
2025-07-22 04:00:00,,,0.0001956633878226
2025-07-22 05:00:00,,,0.0008004411320016
2025-07-22 06:00:00,,,0.0094363115672637
2025-07-22 07:00:00,0.3440595615663407,0.057561616614545,0.0105628476084538
2025-07-22 08:00:00,0.3174943250225268,0.0492268670011634,0.0101299371214614
2025-07-22 09:00:00,0.2854815542849187,0.0402501850676818,0.0036019850940073
2025-07-22 10:00:00,0.2253695617102886,0.0303277235786496,0.0054341059072555
2025-07-22 11:00:00,0.2411518200825636,0.0334559407461509,0.0049983101798324
2025-07-22 12:00:00,0.2101035262968517,0.0283644446956347,0.0175029794197691
2025-07-22 13:00:00,0.2680477364798287,0.0385410628439374,0.017249968862872
2025-07-22 14:00:00,0.2303592325351473,0.0323846118917331,0.0196195270324353
2025-07-22 15:00:00,0.2533036497729232,0.0390255204458085,0.019361781604084
2025-07-22 16:00:00,0.2751780049359848,0.0432809276483542,0.0267614151799213
2025-07-22 17:00:00,0.281419787457899,0.0464787021807992,0.0007203970188014
2025-07-22 18:00:00,,,0.0002312385492449
2025-07-22 19:00:00,,,0.000186874304783
2025-07-22 20:00:00,,,6.225597879739236e-05
2025-07-22 21:00:00,,,3.5575161422294955e-05
2025-07-22 22:00:00,,,8.893790355573739e-06
2025-07-22 23:00:00,,,0.0001600882264003
2025-07-23 00:00:00,,,8.893790355573739e-06
2025-07-23 01:00:00,,,6.229143492769744e-05
2025-07-23 02:00:00,,,7.11496900541627e-05
2025-07-23 03:00:00,,,0.0002757075010227
2025-07-23 04:00:00,,,0.0005603087924011
2025-07-23 05:00:00,,,0.0011828741172913
2025-07-23 06:00:00,,,0.0129226773866486
2025-07-23 07:00:00,0.3230998801651095,0.0546124316122541,0.0029357863459245
2025-07-23 08:00:00,0.2778549832816713,0.0434052579365079,0.0041177883118846
2025-07-23 09:00:00,0.2666019253022285,0.0391250198053855,0.0061456091357014
2025-07-23 10:00:00,0.1982242166042394,0.0262560068285104,0.0101122396342873
2025-07-23 11:00:00,0.2493385666515937,0.0372778463720398,0.0063501663138796
2025-07-23 12:00:00,0.2216004114556551,0.0317541754632207,0.0138654191643394
2025-07-23 13:00:00,0.2013342523858266,0.027081667709492,0.0177303702649324
2025-07-23 14:00:00,0.2502678909780054,0.0364212731095034,0.0159375305721324
2025-07-23 15:00:00,0.2183880289072252,0.031913362065634,0.0092317543890855
2025-07-23 16:00:00,0.257151833033157,0.0407104095174055,0.0246446930752948
2025-07-23 17:00:00,0.2002481459216638,0.0286015625,0.0007026094380903
2025-07-23 18:00:00,,,0.0005514150020455
2025-07-23 19:00:00,,,0.0003202676013735
2025-07-23 20:00:00,,,0.000115618246338
2025-07-23 21:00:00,,,6.225653248901617e-05
2025-07-23 22:00:00,,,0.0001600882264003
2025-07-23 23:00:00,,,0.0001334068553336
2025-07-24 00:00:00,,,8.893790355573739e-06
2025-07-24 01:00:00,,,3.558528904151024e-05
2025-07-24 02:00:00,,,8.893711256770338e-06
2025-07-24 03:00:00,,,0.0001600882264003
2025-07-24 04:00:00,,,0.000249026129956
2025-07-24 05:00:00,,,0.000604777744179
2025-07-24 06:00:00,0.287278868620608,0.0475176839416896,0.0057009196179227
2025-07-24 07:00:00,0.3012822329679464,0.0497583774577724,0.0040923082397736
2025-07-24 08:00:00,0.3219149850158073,0.0504745874100314,0.0060832984996309
2025-07-24 09:00:00,0.2341971533904393,0.0328827705507277,0.0060566712321457
2025-07-24 10:00:00,0.23978657394432,0.0361222286952018,0.0150127181202084
2025-07-24 11:00:00,0.17944825835356,0.022308001279138,0.0043668510645867
2025-07-24 12:00:00,0.2431030281688282,0.0362716530830705,0.0097920631814866
2025-07-24 13:00:00,0.2095952698702804,0.0289442666790329,0.0059783285589737
2025-07-24 14:00:00,0.242953517890401,0.0367474460713844,0.0079954464198365
2025-07-24 15:00:00,0.2423402366617618,0.0351530159254621,0.0129315711770042
2025-07-24 16:00:00,0.267731323672389,0.0418368553105484,0.0304365093692457
2025-07-24 17:00:00,0.3322316973603197,0.0582735770089285,0.0005603087924011
2025-07-24 18:00:00,,,0.0080577740621498
2025-07-24 19:00:00,,,0.0002223447588893
2025-07-24 20:00:00,,,5.336274213344243e-05
2025-07-24 21:00:00,,,0.0002135098347967
2025-07-24 22:00:00,,,0.000124513064978
2025-07-24 23:00:00,,,7.115032284458991e-05
2025-07-25 00:00:00,,,8.893790355573738e-05
2025-07-25 01:00:00,,,1.7787580711147478e-05
2025-07-25 02:00:00,,,1.7787580711147478e-05
2025-07-25 06:00:00,0.2618837667277739,0.0423968550013912,0.0074618901083263
2025-07-25 07:00:00,0.2270967392086059,0.0332341455030113,0.0027837563812945
2025-07-25 09:00:00,0.3024152607557553,0.0466542006584861,0.002793420338591
2025-07-25 10:00:00,0.2359115472168065,0.0337232755930087,0.0086091890641953
2025-07-26 07:00:00,0.3325486911184306,0.0569475702892673,0.0030061011401839
2025-07-26 10:00:00,0.2324739504651823,0.0329434776042802,0.0081644995464166
2025-07-26 11:00:00,0.2236441140564269,0.0320987936104927,0.0021967662178267
2025-07-26 12:00:00,0.2044467877294118,0.0280374847438511,0.005318486632633
2025-07-26 13:00:00,0.2213129850397789,0.031777704835992,0.0070883509133922
2025-07-26 14:00:00,0.221246371824143,0.0302335368940518,0.0129493587577153
2025-07-26 15:00:00,0.2396219729274329,0.0363248619419711,0.0103313874848722
2025-07-26 16:00:00,0.2596144171883839,0.0407225499180277,0.0262900442910759
2025-07-26 17:00:00,0.2928078273020753,0.0484927290392456,0.0007826535512904
2025-07-26 18:00:00,,,0.0004269019370675
2025-07-26 19:00:00,,,0.0004624770984898
2025-07-26 20:00:00,,,0.0004624770984898
2025-07-26 21:00:00,,,0.0002935760228455
2025-07-26 22:00:00,,,0.0
2025-07-26 23:00:00,,,0.0
2025-07-31 12:00:00,0.4967532127317208,0.078474003679519,0.0077909603514825
2025-07-31 13:00:00,0.3289001326578885,0.0487123262922772,0.0067948558316583
2025-07-31 14:00:00,0.3187475100441581,0.0432145662330736,0.0052132448445812
2025-07-31 15:00:00,0.3087286307255161,0.0461777248346008,0.0066880708650912
2025-07-31 16:00:00,0.3161939682482479,0.0494986737771907,0.0296518970454828
2025-07-31 17:00:00,0.4545420802536264,0.0797804126720747,0.0007381845995126
2025-07-31 18:00:00,,,0.0002934950817339
2025-07-31 19:00:00,,,5.336274213344243e-05
2025-07-31 20:00:00,,,0.0001601338006867
2025-07-31 21:00:00,,,0.0001689805138786
2025-07-31 22:00:00,,,3.5575161422294955e-05
2025-07-31 23:00:00,,,8.893790355573739e-06
2025-08-01 00:00:00,,,8.893790355573739e-06
2025-08-01 01:00:00,,,1.7787580711147478e-05
2025-08-01 02:00:00,,,0.0
2025-08-01 02:00:00,,,0.0
2025-08-01 03:00:00,,,0.0001245119575947
2025-08-01 04:00:00,,,0.0002045571781781
2025-08-01 05:00:00,,,0.0002934950817339
2025-08-01 06:00:00,,,0.0033885341254735
2025-08-01 07:00:00,0.4133777902248287,0.0666359619769978,0.0030061011401839
2025-08-01 08:00:00,0.3155763809774527,0.0466757363005753,0.001485685817483
2025-08-01 09:00:00,0.266378000424216,0.0373876020218883,0.0014407812235967
2025-08-01 10:00:00,0.2721777497793345,0.0379574971596178,0.0010138921005354
2025-08-01 11:00:00,0.2513710387096712,0.0338905167949669,0.0020277842010708
2025-08-01 12:00:00,0.268440809511104,0.0390945282567049,0.0010049983101798
2025-08-01 13:00:00,0.2678441998687778,0.0382846912892848,0.0025169426706273
2025-08-01 14:00:00,0.2883810389104921,0.0423028760318122,0.0054356529010906
2025-08-01 15:00:00,0.3122047055543762,0.0466992948316638,0.0095073773334874
2025-08-01 16:00:00,0.3445111775089783,0.0572957992294255,0.027143848165211
2025-08-01 17:00:00,0.4217695772390941,0.0728524604885057,0.0006759280670236
2025-08-01 18:00:00,,,0.0001511944360447
2025-08-01 19:00:00,,,0.0001600882264003
2025-08-01 20:00:00,,,1.779264452075512e-05
2025-08-01 21:00:00,,,0.0001334056688515
2025-08-01 22:00:00,,,9.783169391131112e-05
2025-08-01 23:00:00,,,0.0
2025-08-02 00:00:00,,,0.000186769597467
2025-08-02 01:00:00,,,9.783169391131112e-05
2025-08-02 02:00:00,,,4.44816113018878e-05
2025-08-02 03:00:00,,,0.0002668113377031
2025-08-02 04:00:00,,,0.0004091143563563
2025-08-02 05:00:00,,,0.0004713708888454
2025-08-02 06:00:00,,,0.0070083068001921
2025-08-02 07:00:00,0.4321522110178445,0.0714721456595153,0.0043045945320976
2025-08-02 08:00:00,0.3681746698062332,0.0568754924453096,0.002215184242834
2025-08-02 09:00:00,0.2593499949460037,0.0358288795368824,0.0027659442008555
2025-08-02 10:00:00,0.3365740961496841,0.0499708457065082,0.0034952596097404
2025-08-02 11:00:00,0.262200985255179,0.0367851922378346,0.0053273804229886
2025-08-02 12:00:00,0.3052656405673268,0.0457124407770667,0.0045625144524093
2025-08-02 13:00:00,0.2679823011582566,0.0390899055470584,0.0105480353617104
2025-08-02 14:00:00,0.3481146060904663,0.0534933004660545,0.0122858210415814
2025-08-02 15:00:00,0.3429806151475035,0.0542824573512125,0.010183299389002
2025-08-02 16:00:00,0.3688395272196168,0.0607711420075125,0.025934292676853
2025-08-02 17:00:00,0.4600544604990217,0.0817831493352326,0.0003290702431562
2025-08-02 18:00:00,,,0.0001156192746224
2025-08-02 19:00:00,,,0.0002846012913783
2025-08-02 20:00:00,,,0.0001067558671245
2025-08-02 21:00:00,,,0.0002223427814192
2025-08-02 22:00:00,,,0.0002223447588893
2025-08-02 23:00:00,,,8.893790355573739e-06
2025-08-03 00:00:00,,,8.893790355573738e-05
2025-08-03 01:00:00,,,2.668137106672121e-05
2025-08-03 02:00:00,,,1.7797552836484984e-05
2025-08-03 03:00:00,,,0.0001956616476489
2025-08-03 04:00:00,,,9.783169391131112e-05
2025-08-03 05:00:00,,,0.0002134509685337
2025-08-03 06:00:00,,,0.0042957007417421
2025-08-03 07:00:00,0.4113010312111234,0.0662941119227456,0.0019210587168039
2025-08-03 08:00:00,0.3632148064312234,0.0559318144051814,0.0028290304788
2025-08-03 09:00:00,0.3165846870418584,0.0472966297429242,0.0008982648369338
2025-08-03 10:00:00,0.2479744867303004,0.0334011474564088,0.0072620463473528
2025-08-03 11:00:00,0.3113156069290967,0.0425547389657444,0.0071061384941034
2025-08-03 12:00:00,0.3238554322800838,0.0458786562673901,0.0049716288087657
2025-08-03 13:00:00,0.2700304970369116,0.0377176998315093,0.0051583984062327
2025-08-03 14:00:00,0.2776089371187204,0.0402146844294586,0.0055764065529447
2025-08-03 15:00:00,0.3142263532381811,0.0489942928730512,0.006318075033815
2025-08-03 16:00:00,0.3557932188627649,0.0600680580674581,0.0203756737046194
2025-08-03 17:00:00,0.469037264711776,0.0835373631709039,0.0004535833081342
2025-08-03 18:00:00,,,0.0004269019370675
2025-08-03 19:00:00,,,0.0001423006456891
2025-08-03 20:00:00,,,5.336274213344243e-05
2025-08-03 21:00:00,,,0.0001245474036314
2025-08-03 22:00:00,,,0.0001067254842668
2025-08-03 23:00:00,,,0.0001334068553336
2025-08-04 00:00:00,,,1.7787580711147478e-05
2025-08-04 01:00:00,,,0.0
2025-08-04 02:00:00,,,0.0
2025-08-04 03:00:00,,,0.0001334436467479
2025-08-04 04:00:00,,,8.893790355573738e-05
2025-08-04 05:00:00,,,0.0003023888720895
2025-08-04 06:00:00,,,0.003859905014319
2025-08-04 07:00:00,0.4095171803811795,0.0677412050495262,0.0025080488802717
2025-08-04 08:00:00,0.3653845203730485,0.0575656838364867,0.0013785375051139
2025-08-04 09:00:00,0.2619737995022459,0.0376895979216904,0.0036919408933607
2025-08-04 10:00:00,0.2962526343431369,0.0431537283903411,0.0015030505700919
2025-08-04 11:00:00,0.2454556513718746,0.0342369448504392,0.0040822497732083
2025-08-04 12:00:00,0.2469433495525061,0.0349730984897668,0.003566409932585
2025-08-04 13:00:00,0.276318069180483,0.0407908918413405,0.0015653071025809
2025-08-04 14:00:00,0.290983805257742,0.0438008877643294,0.0036642416264963
2025-08-04 15:00:00,0.3047811691260775,0.0471810282064948,0.0042257154803526
2025-08-04 16:00:00,0.3459094371024378,0.0578112409327827,0.0205891246731532
2025-08-04 17:00:00,0.4147169693928806,0.0758349016690009,8.893790355573738e-05
2025-08-04 18:00:00,,,0.0001334068553336
2025-08-04 19:00:00,,,0.0001511944360447
2025-08-04 20:00:00,,,0.0002223447588893
2025-08-04 21:00:00,,,0.0001601323760975
2025-08-04 22:00:00,,,2.668137106672121e-05
2025-08-04 23:00:00,,,5.336274213344243e-05
2025-08-05 00:00:00,,,1.7787580711147478e-05
2025-08-05 01:00:00,,,0.0002045571781781
2025-08-05 02:00:00,,,6.225653248901617e-05
2025-08-05 03:00:00,,,2.6688729349595664e-05
2025-08-05 04:00:00,,,0.000249026129956
2025-08-05 05:00:00,,,0.0004269019370675
2025-08-05 06:00:00,,,0.0066525551859691
2025-08-05 07:00:00,0.4233488531645414,0.0697386484644325,0.0037709671107632
2025-08-05 08:00:00,0.3418662536781455,0.0527433576350222,0.0014407940376029
2025-08-05 09:00:00,0.2888548047254333,0.0425662586757249,0.0017881448664229
2025-08-05 10:00:00,0.2939342253270849,0.0428316339346441,0.0018676959746704
2025-08-05 11:00:00,0.2516969133570409,0.0351408755677604,0.0050963802170246
2025-08-05 12:00:00,0.2642711196277962,0.0375799948770491,0.0018676793639217
2025-08-05 13:00:00,0.4334374195753377,0.0616938020242149,0.0067237055088137
2025-08-05 14:00:00,0.3324984962418136,0.0494088792856922,0.0059410519575232
2025-08-05 15:00:00,0.3796430324091802,0.0565714800516292,0.0096230811647307
2025-08-05 16:00:00,0.4096483843371015,0.0670575501027947,0.0278086763070077
2025-08-05 17:00:00,0.4769972870665148,0.0814903653007346,0.0004713666966088
2025-08-05 18:00:00,,,0.0004891584695565
2025-08-05 19:00:00,,,0.0003824329852896
2025-08-05 20:00:00,,,0.000186769597467
2025-08-05 21:00:00,,,0.0001689820167559
2025-08-05 22:00:00,,,8.896243116531888e-05
2025-08-05 23:00:00,,,5.336274213344243e-05
2025-08-06 00:00:00,,,6.225653248901617e-05
2025-08-06 01:00:00,,,0.0
2025-08-06 02:00:00,,,2.668137106672121e-05
2025-08-06 03:00:00,,,0.0001423006456891
2025-08-06 04:00:00,,,0.0002401985641463
2025-08-06 05:00:00,,,0.0001600882264003
2025-08-06 06:00:00,,,0.0048293281630765
2025-08-06 07:00:00,0.4656337335563332,0.0745574913090734,0.0054963624397445
2025-08-06 08:00:00,0.395642279003087,0.0592370071840413,0.0027481812198722
2025-08-06 09:00:00,0.3188701187015309,0.0431841987803747,0.0040199932407193
2025-08-06 10:00:00,0.3545415082912214,0.0518302011840722,0.0041278568060707
2025-08-06 11:00:00,0.3094453111365562,0.0429869733699684,0.0041267187249862
2025-08-06 12:00:00,0.3272512558273427,0.0462779352547455,0.0037709671107632
2025-08-06 13:00:00,0.3113149123501632,0.0435807581501576,0.0107348049591775
2025-08-06 14:00:00,0.3608966083387633,0.0519533520373461,0.0078354293032604
2025-08-06 15:00:00,0.3141659629315088,0.0465842400335435,0.004402426226009
2025-08-06 16:00:00,0.3907529596875758,0.0632910126058863,0.0161288887702723
2025-08-06 17:00:00,0.6338775650528837,0.1053658746556473,0.0003646454045785
2025-08-06 18:00:00,,,0.0005692025827567
2025-08-06 19:00:00,,,8.004411320016365e-05
2025-08-06 20:00:00,,,8.893790355573738e-05
2025-08-06 21:00:00,,,1.7787580711147478e-05
2025-08-06 22:00:00,,,7.11699449322551e-05
2025-08-06 23:00:00,,,8.893790355573738e-05
2025-08-07 00:00:00,,,2.668137106672121e-05
2025-08-07 01:00:00,,,8.004411320016365e-05
2025-08-07 02:00:00,,,0.000124513064978
2025-08-07 03:00:00,,,0.0003023888720895
2025-08-07 04:00:00,,,0.0002313023210298
2025-08-07 05:00:00,,,0.0004802646792009
2025-08-07 06:00:00,,,0.0053540617940553
2025-08-07 07:00:00,0.449856346986355,0.0700184559092116,0.0030061011401839
2025-08-07 08:00:00,0.4081380729567162,0.0615355163698757,0.0016275636350699
2025-08-07 09:00:00,0.3219971649257572,0.0448285783393585,0.0035308347711627
2025-08-07 10:00:00,0.3154630816158614,0.0439049602346503,0.0051331322782389
2025-08-07 11:00:00,0.3450299717137436,0.0482656216167099,0.0065489623434665
2025-08-07 12:00:00,0.360531418066041,0.0519864181783824,0.0020237524631197
2025-08-07 13:00:00,0.3496864246364363,0.0492011809713905,0.0071861826073035
2025-08-08 11:00:00,2.29120135307312,0.2149088541666666,0.0029543674806008
2025-08-08 13:00:00,0.2807119675846987,0.0392611434108527,0.0029794197691172
2025-08-08 14:00:00,0.33166400373861,0.0488734020435293,0.0062345470392571
2025-08-08 15:00:00,0.3182537488523327,0.0472722802535224,0.0023034917020935
2025-08-08 16:00:00,0.3748491809692526,0.0622120949074074,0.0199220903964851
2025-08-08 17:00:00,0.4952368682314609,0.0878139218151341,0.0005248783438753
2025-08-08 18:00:00,,,0.0002223447588893
2025-08-08 19:00:00,,,0.0001511944360447
2025-08-08 20:00:00,,,8.004411320016365e-05
2025-08-08 21:00:00,,,6.225653248901617e-05
2025-08-08 22:00:00,,,8.893790355573738e-05
2025-08-08 23:00:00,,,7.11699449322551e-05
2025-08-09 00:00:00,,,1.7787580711147478e-05
2025-08-09 01:00:00,,,8.893790355573739e-06
2025-08-09 02:00:00,,,0.0004980522599121
2025-08-09 03:00:00,,,0.0002045571781781
2025-08-09 04:00:00,,,4.446895177786869e-05
2025-08-09 05:00:00,,,0.0002046135916802
2025-08-09 06:00:00,,,0.0028904818655614
2025-08-09 07:00:00,0.4035356349186335,0.0652817869735796,0.0032907024315622
2025-08-09 08:00:00,0.3628382694326511,0.0553488042377728,0.0017253953289813
2025-08-09 09:00:00,0.2894903596658539,0.041753885236969,0.0010494672619577
2025-08-09 10:00:00,0.2855925823256937,0.0404035467512682,0.0054785748590334
2025-08-09 11:00:00,0.2799314841570061,0.0398993094178717,0.0029891376871547
2025-08-09 12:00:00,0.2674125564234351,0.0372241327173375,0.0040733559828527
2025-08-09 13:00:00,0.2781922715940473,0.0403361867580226,0.0031661893665842
2025-08-09 14:00:00,0.2904709066633854,0.0428204921976442,0.0011206175848022
2025-08-09 15:00:00,0.3306108388742784,0.0517833925892415,0.0031661893665842
2025-08-09 16:00:00,0.3274954212321853,0.0538180853919478,0.0236752699265372
2025-08-09 17:00:00,0.3914601447490545,0.0688454861111111,0.0016547012196749
2025-08-09 18:00:00,,,0.0006492466959568
2025-08-09 19:00:00,,,0.0004180081467119
2025-08-09 20:00:00,,,0.0
2025-08-09 21:00:00,,,4.446895177786869e-05
2025-08-09 22:00:00,,,0.0001334068553336
2025-08-09 23:00:00,,,0.0001957173485637
2025-08-10 00:00:00,,,5.336274213344243e-05
2025-08-10 01:00:00,,,1.7787580711147478e-05
2025-08-10 02:00:00,,,8.004411320016365e-05
2025-08-10 03:00:00,,,0.0002846012913783
2025-08-10 04:00:00,,,0.0002668137106672
2025-08-10 05:00:00,,,0.0006583219906233
2025-08-10 06:00:00,,,0.0062701222006794
2025-08-10 07:00:00,0.4059415042098249,0.0674743646682236,0.0025703054127608
2025-08-10 08:00:00,0.3279200136935173,0.0501945468527793,0.0037087105782742
2025-08-10 09:00:00,0.2815722166107108,0.040170616150374,0.007719810028638
2025-08-10 10:00:00,0.2344524267362301,0.0321550022607123,0.0056201815610601
2025-08-10 11:00:00,0.3448651224847264,0.0515334244524635,0.0017881448664229
2025-08-10 12:00:00,0.2809532066794198,0.0389224581305053,0.003086145253384
2025-08-10 13:00:00,0.3017300463006373,0.0426809946554442,0.0051139294544549
2025-08-10 14:00:00,0.3401812055668004,0.0512279121645644,0.0035130471904516
2025-08-10 15:00:00,0.3364793001635245,0.0506544520574414,0.0021078283142709
2025-08-10 16:00:00,0.3687421893496185,0.0612692238186906,0.0035841975132962
2025-08-10 17:00:00,0.439950618781942,0.0794151706560283,8.0066188048787e-05
2025-08-10 18:00:00,,,0.0001423006456891
2025-08-10 19:00:00,,,7.115032284458991e-05
2025-08-10 20:00:00,,,3.5575161422294955e-05
2025-08-10 21:00:00,,,8.004411320016365e-05
2025-08-10 22:00:00,,,8.004411320016365e-05
2025-08-10 23:00:00,,,8.896243116531888e-06
2025-08-11 00:00:00,,,1.7787580711147478e-05
2025-08-11 01:00:00,,,2.668137106672121e-05
2025-08-11 02:00:00,,,9.783169391131112e-05
2025-08-11 03:00:00,,,8.004411320016365e-05
2025-08-11 04:00:00,,,0.000124513064978
2025-08-11 05:00:00,,,0.0002313023210298
2025-08-11 06:00:00,,,0.0033529589640512
2025-08-11 07:00:00,0.4407025072029232,0.0719217385653809,0.0020900407335598
2025-08-11 08:00:00,0.3757157275555826,0.0580432049654516,0.0008982728259129
2025-08-11 09:00:00,0.299169364926894,0.0422528903786403,0.0020722531528486
2025-08-11 10:00:00,0.355432630232061,0.0522934829654362,0.0009249541969796
2025-08-11 11:00:00,0.3146180512471987,0.0422193026573013,0.0018148335957725
2025-08-11 12:00:00,0.3154681028594026,0.043046553766308,0.0008360162934239
2025-08-11 13:00:00,0.3610645661552415,0.052061467704662,0.0019833152492929
2025-08-11 14:00:00,0.3731064849103498,0.0546239585265566,0.0052918052615663
2025-08-11 15:00:00,0.4100803689793805,0.0613086263564273,0.0028638004944947
2025-08-11 16:00:00,0.4173671993850401,0.0677119900837816,0.0078176417225493
2025-08-11 17:00:00,0.4686381859799562,0.0831914651012241,0.0001601323760975
2025-08-11 18:00:00,,,0.0001511944360447
2025-08-11 19:00:00,,,8.893790355573739e-06
2025-08-11 20:00:00,,,8.893790355573739e-06
2025-08-11 21:00:00,,,3.5575161422294955e-05
2025-08-11 22:00:00,,,6.225653248901617e-05
2025-08-11 23:00:00,,,8.896243116531888e-06
2025-08-12 00:00:00,,,2.668137106672121e-05
2025-08-12 01:00:00,,,1.7787580711147478e-05
2025-08-12 02:00:00,,,1.7787580711147478e-05
2025-08-12 03:00:00,,,0.0001956633878226
2025-08-12 04:00:00,,,0.0001067254842668
2025-08-12 05:00:00,,,0.0001957173485637
2025-08-12 06:00:00,,,0.0027303936391611
2025-08-12 07:00:00,0.4784127378876283,0.0752207430058339,0.0017342891193368
2025-08-12 08:00:00,0.425707340903858,0.063884869844803,0.0007648659705793
2025-08-12 09:00:00,0.3204615042235497,0.0434113472299511,0.0018321208132481
2025-08-12 10:00:00,0.3510472238660854,0.0498649127790144,0.0013696437147583
2025-08-12 11:00:00,0.3124983197385958,0.0418554337282817,0.0019215885131708
2025-08-12 12:00:00,0.3684034378961782,0.0527352010294936,0.0015030505700919
2025-08-12 13:00:00,0.331903207114793,0.04753975530296,0.0015386257315142
2025-08-12 14:00:00,0.3488839145144136,0.0496331401958054,0.003086145253384
2025-08-12 15:00:00,0.3682223159569001,0.054355977168738,0.0034863658193849
2025-08-12 16:00:00,0.4147258143194132,0.0672915145033389,0.0095608246322417
2025-08-12 17:00:00,0.4976069288594382,0.085219712885154,4.448121558265944e-05
2025-08-12 18:00:00,,,0.0002401323396004
2025-08-12 19:00:00,,,9.783169391131112e-05
2025-08-12 20:00:00,,,4.446895177786869e-05
2025-08-12 21:00:00,,,0.0
2025-08-12 22:00:00,,,0.0
2025-08-12 23:00:00,,,1.7792486233063776e-05
2025-08-13 00:00:00,,,0.0
2025-08-13 01:00:00,,,8.893790355573739e-06
2025-08-13 02:00:00,,,8.893790355573739e-06
2025-08-13 03:00:00,,,0.0001423006456891
2025-08-13 04:00:00,,,0.0001067254842668
2025-08-13 05:00:00,,,0.0002135098347967
2025-08-13 06:00:00,,,0.0023479606538714
2025-08-13 07:00:00,0.5397991407540307,0.0863032131011608,0.0012984933919137
2025-08-13 08:00:00,0.3806680894322573,0.0550928003076114,0.0008238528543261
2025-08-13 14:00:00,0.3516136007720992,0.0477261663404176,0.002939623305756
2025-08-13 15:00:00,0.4953193199755324,0.0710547392315587,0.0044291075970757
2025-08-13 16:00:00,0.5157707566115695,0.0803984220507353,0.0123267934328252
2025-08-13 17:00:00,0.570775349513959,0.0961195341925612,0.0001423006456891
2025-08-13 18:00:00,,,7.115032284458991e-05
2025-08-13 19:00:00,,,5.337745869919133e-05
2025-08-13 20:00:00,,,8.893790355573738e-05
2025-08-13 21:00:00,,,4.446895177786869e-05
2025-08-13 22:00:00,,,8.893790355573739e-06
2025-08-13 23:00:00,,,0.0
2025-08-14 00:00:00,,,0.0
2025-08-14 01:00:00,,,0.0
2025-08-14 02:00:00,,,8.893790355573739e-06
2025-08-14 03:00:00,,,0.0002312385492449
2025-08-14 04:00:00,,,6.225653248901617e-05
2025-08-14 05:00:00,,,0.0001067254842668
2025-08-14 06:00:00,,,0.0034863658193849
2025-08-14 07:00:00,0.4891874290198603,0.078228346232525,0.0013522289537128
2025-08-14 08:00:00,0.4272973635293539,0.0633918485863785,0.0013607499244027
2025-08-14 09:00:00,0.4473543807548908,0.0657509115549987,0.0010672548426688
2025-08-14 10:00:00,0.3492603851943528,0.0474971692790453,0.0007648659705793
2025-08-14 11:00:00,0.3222452493329544,0.0440605315379026,0.001209555488358
2025-08-14 12:00:00,0.3436062234941791,0.0489331075809541,0.0019922090396485
2025-08-14 13:00:00,0.3147279172389455,0.0422454742278798,0.0007116994493225
2025-08-14 14:00:00,0.4502401279580089,0.0654302457428545,0.0016008822640032
2025-08-14 15:00:00,0.4012715677188115,0.0603024548050763,0.0015386257315142
2025-08-14 16:00:00,0.4410069180516713,0.0711943806807642,0.0119265728668243
2025-08-14 17:00:00,0.4654163231452306,0.0843327907986111,0.0001423006456891
2025-08-14 18:00:00,,,0.0001600882264003
2025-08-14 19:00:00,,,1.7792486233063776e-05
2025-08-14 20:00:00,,,0.0
2025-08-14 21:00:00,,,8.893790355573739e-06
2025-08-14 22:00:00,,,8.893790355573739e-06
2025-08-14 23:00:00,,,0.0
2025-08-15 00:00:00,,,0.0
2025-08-16 06:00:00,,,0.0008893790355573
2025-08-16 07:00:00,0.467364908154331,0.0771415526533996,0.0002401323396004
2025-08-16 08:00:00,0.3482136983770626,0.051615377964045,0.0004802646792009
2025-08-16 09:00:00,0.3330988620651982,0.0473113005665306,0.0004092308239773
2025-08-16 10:00:00,0.3098855182918014,0.043676787383358,0.0005603038091765
2025-08-16 11:00:00,0.2935132615948573,0.0403079663913635,0.0003290702431562
2025-08-16 12:00:00,0.2711673999743191,0.0365402455094911,0.0011561927462245
2025-08-16 13:00:00,0.3107000407604754,0.0443603319382613,0.0006848218573791
2025-08-16 14:00:00,0.3115191003001923,0.0433108373137327,0.0011206175848022
2025-08-16 15:00:00,0.3344506453867749,0.0497633752008404,0.0028824084123623
2025-08-16 16:00:00,0.3885251975023003,0.0622323648423966,0.0113928441199228
2025-08-16 17:00:00,0.4534578692814535,0.080137238865932,7.115032284458991e-05
2025-08-16 18:00:00,,,7.115032284458991e-05
2025-08-16 19:00:00,,,6.225653248901617e-05
2025-08-16 20:00:00,,,2.668137106672121e-05
2025-08-16 21:00:00,,,8.89632226037756e-06
2025-08-16 22:00:00,,,0.0
2025-08-16 23:00:00,,,0.0
2025-08-17 00:00:00,,,0.0
2025-08-17 01:00:00,,,0.0
2025-08-17 02:00:00,,,1.7787580711147478e-05
2025-08-17 03:00:00,,,8.89632226037756e-06
2025-08-17 04:00:00,,,8.893711256770338e-06
2025-08-17 05:00:00,,,1.7787580711147478e-05
2025-08-17 06:00:00,,,0.0012629182304914
2025-08-17 07:00:00,0.5002344815284281,0.0840297157260742,0.0007470783898681
2025-08-17 08:00:00,0.3891275246142014,0.0596755829546157,0.0004802646792009
2025-08-17 09:00:00,0.3063692841212419,0.0424137741142645,0.0011387292493283
2025-08-17 10:00:00,0.3796076376362184,0.055126754467322,0.000773752879339
2025-08-17 11:00:00,0.3245358667414101,0.0450338169918736,0.0008004411320016
2025-08-17 12:00:00,0.3208036764726076,0.0451532388718757,0.0005247336309788
2025-08-17 13:00:00,0.317771495570225,0.0451824100159216,0.0030149949305394
2025-08-17 14:00:00,0.3943714953491077,0.0552694746376811,0.0010850424233799
2025-08-17 15:00:00,0.4409496108641144,0.0639443270613058,0.0008273579702151
2025-08-17 16:00:00,0.4346639098030498,0.0686511469733506,0.0075685482795115
2025-08-17 17:00:00,0.6537003618133955,0.1149097867883379,8.893790355573738e-05
2025-08-17 18:00:00,,,8.893790355573739e-06
2025-08-17 19:00:00,,,0.0
2025-08-17 20:00:00,,,8.893790355573739e-06
2025-08-17 21:00:00,,,0.0
2025-08-17 22:00:00,,,2.668113377031101e-05
2025-08-17 23:00:00,,,0.0
2025-08-18 00:00:00,,,0.0
2025-08-18 01:00:00,,,0.0
2025-08-18 02:00:00,,,4.446895177786869e-05
2025-08-18 03:00:00,,,0.0003826473859844
2025-08-18 04:00:00,,,0.0
2025-08-18 05:00:00,,,1.7787580711147478e-05
2025-08-18 06:00:00,,,0.0032284458990732
2025-08-18 07:00:00,0.5464265071216345,0.0881256252282991,0.0004980522599121
2025-08-18 08:00:00,0.436651183421836,0.0654985571052062,0.0003379640335118
2025-08-18 09:00:00,0.4023233958015723,0.0595212579414765,0.0003024749568528
2025-08-18 10:00:00,0.2962875260070223,0.0377159753137945,0.0004268981403249
2025-08-18 11:00:00,0.4583865790215876,0.0675857838874976,0.0002401323396004
2025-08-18 12:00:00,0.3275689891745265,0.043717712391022,0.0004891584695565
2025-08-18 13:00:00,0.3669208312986556,0.0521756433368886,0.0008449100837795
2025-08-18 14:00:00,0.3526079737533114,0.0497499739148581,0.0014407940376029
2025-08-18 15:00:00,0.4435602626040304,0.0667892861559389,0.0011835372636262
2025-08-18 16:00:00,0.5098907224124979,0.0823873363398874,0.003833189551668
2025-08-18 17:00:00,0.3192748203873634,0.0540845927254098,1.7787580711147478e-05
2025-08-18 18:00:00,,,8.893790355573739e-06
2025-08-18 19:00:00,,,5.336274213344243e-05
2025-08-18 20:00:00,,,0.0
2025-08-18 21:00:00,,,0.0
2025-08-18 22:00:00,,,0.0
2025-08-18 23:00:00,,,3.5575161422294955e-05
2025-08-19 00:00:00,,,1.7787580711147478e-05
2025-08-19 01:00:00,,,8.893790355573739e-06
2025-08-19 02:00:00,,,0.0
2025-08-19 03:00:00,,,8.89632226037756e-06
2025-08-19 04:00:00,,,1.7787422513540676e-05
2025-08-19 05:00:00,,,0.0
2025-08-19 06:00:00,,,0.0060833526032124
2025-08-19 07:00:00,0.5357142710015534,0.0875038288933745,0.0002757075010227
2025-08-19 08:00:00,0.4078566414917185,0.0598735691816607,0.0004535833081342
2025-08-19 09:00:00,0.4218269734745498,0.0606203481496939,0.0002579933455509
2025-08-19 10:00:00,0.3191264403675236,0.0429633789665986,0.0002223427814192
2025-08-19 11:00:00,0.3004151877617186,0.0393950544491031,0.0008109340947103
2025-08-19 12:00:00,0.670321938202625,0.0953362673248666,0.0005692025827567
2025-08-20 11:00:00,0.407744868527288,0.0560169459541062,0.0001956633878226
2025-08-20 12:00:00,0.2369037727272607,0.023160333860283,0.0004269019370675
2025-08-20 13:00:00,0.3207607776136466,0.0406474655223004,0.0010049983101798
2025-08-21 11:00:00,0.6336600043271717,0.0893505573830409,0.0030337504740235
2025-08-21 13:00:00,0.4039286153151972,0.053563838339891,0.000791547341646
2025-08-21 14:00:00,0.3978501192540511,0.0547921768608789,0.0003913267756452
2025-08-21 15:00:00,0.5104386991694113,0.0722375328845558,0.0016275636350699
2025-08-21 16:00:00,0.5051822814438388,0.0787458048820141,0.0029713452009216
2025-08-21 17:00:00,0.7862409732558511,0.1310412720959596,9.783169391131112e-05
2025-08-21 18:00:00,,,6.225653248901617e-05
2025-08-22 07:00:00,0.5302401472070664,0.0821436808886224,0.0007559721802237
2025-08-22 08:00:00,0.5102780225999246,0.0726944802505264,8.004411320016365e-05
2025-08-22 09:00:00,0.3513338037188007,0.0454637931367997,0.0003468578238673
2025-08-22 10:00:00,0.4923281226398419,0.0688138136831848,0.0045726689618973
2025-08-22 11:00:00,0.3738832946441299,0.0486335814182915,0.0036909229975631
2025-08-22 12:00:00,0.3422074513541017,0.0438167226983463,0.000604777744179
2025-08-22 13:00:00,0.3502778031118733,0.045411095636026,0.0003646454045785
2025-08-22 14:00:00,0.4222668698898525,0.0579174868194908,0.0049271598569878
2025-08-22 15:00:00,0.4981869510592756,0.0724461211063165,0.0008271225030683
2025-08-22 16:00:00,0.5378873639448297,0.0843528486157562,0.0042968854252849
2025-08-22 17:00:00,0.8034704729052614,0.1367230185376492,0.0
2025-08-22 18:00:00,,,8.893790355573739e-06
2025-08-22 19:00:00,,,1.7787580711147478e-05
2025-08-22 20:00:00,,,0.0
2025-08-22 21:00:00,,,0.0
2025-08-23 06:00:00,,,0.0078976858357494
2025-08-23 07:00:00,0.5621005217968063,0.0882804452834263,0.0040377808214304
2025-08-23 08:00:00,0.4855380360626165,0.071784377368303,0.0002668137106672
2025-08-23 09:00:00,0.3961117434090009,0.0564606732881586,0.0004980522599121
2025-08-23 10:00:00,0.3583803583354363,0.0482564211468287,0.0001334804584608
2025-08-23 11:00:00,0.3714430776353066,0.051106356427594,0.0001956633878226
2025-08-23 12:00:00,0.2973560121617319,0.040473636133525,0.0002045571781781
2025-08-23 13:00:00,0.3496168886845683,0.0496075828541396,0.0006581404863124
2025-08-23 14:00:00,0.4005623663058862,0.0602032394847894,0.0033529589640512
2025-08-23 15:00:00,0.4693792278943656,0.0729241764576381,0.0045447268716981
2025-08-23 16:00:00,0.4384319702192377,0.0717227616153179,0.0010675491739838
2025-08-23 17:00:00,0.6202405628150072,0.1091527989498645,1.7787580711147478e-05
2025-08-23 18:00:00,,,8.893790355573739e-06
2025-08-23 19:00:00,,,1.7787580711147478e-05
2025-08-23 20:00:00,,,1.7787580711147478e-05
2025-08-23 21:00:00,,,8.893790355573739e-06
2025-08-23 22:00:00,,,0.0
2025-08-23 23:00:00,,,0.0
2025-08-24 00:00:00,,,0.0
2025-08-24 01:00:00,,,0.0
2025-08-24 02:00:00,,,0.0
2025-08-24 03:00:00,,,0.0018676959746704
2025-08-24 04:00:00,,,0.0053555383561521
2025-08-24 05:00:00,,,0.0020989345239154
2025-08-24 06:00:00,,,0.0103523719738878
2025-08-24 07:00:00,0.6107336315387737,0.0990206254158349,0.0028460129137835
2025-08-24 08:00:00,0.5130574184453812,0.0805264054094787,0.0002134509685337
2025-08-24 09:00:00,0.3232919954729531,0.0454427035027515,0.0002757075010227
2025-08-24 10:00:00,0.3534736114786808,0.0502269455651394,0.0003291609953116
2025-08-24 11:00:00,0.3346446344796754,0.0483137296649054,0.0004980522599121
2025-08-24 12:00:00,0.3481795623699381,0.0492515147472778,0.0005869901634678
2025-08-24 13:00:00,0.3760932692817402,0.0544791521749211,0.0005869901634678
2025-08-24 14:00:00,0.4468578644631701,0.0662106404192172,0.0007026094380903
2025-08-24 15:00:00,0.4586564594165577,0.0704137079352933,0.0025880929934719
2025-08-24 16:00:00,0.4919234587001853,0.0812621807795699,0.0018326260820055
2025-08-24 17:00:00,0.5924710924586942,0.1050157160058243,1.7787580711147478e-05
2025-08-24 18:00:00,,,0.0
2025-08-24 19:00:00,,,0.0
2025-08-24 20:00:00,,,0.0
2025-08-24 21:00:00,,,0.0
2025-08-24 22:00:00,,,0.0
2025-08-24 23:00:00,,,0.0
2025-08-25 00:00:00,,,0.0
2025-08-25 01:00:00,,,0.0
2025-08-25 02:00:00,,,0.0
2025-08-25 03:00:00,,,0.0009249541969796
2025-08-25 04:00:00,,,0.0032738174668837
2025-08-25 05:00:00,,,0.0086358704352621
2025-08-25 06:00:00,,,0.0054696810686778
2025-08-25 07:00:00,0.5832850956452821,0.0953668314412841,0.0059054767961009
2025-08-25 08:00:00,0.4692790101452808,0.07321819158474,0.000853803874135
2025-08-25 09:00:00,0.4454660481692422,0.0671253513788356,0.000249026129956
2025-08-25 10:00:00,0.3137737389821839,0.0431680718829221,0.0006405295043902
2025-08-25 11:00:00,0.3272902124268194,0.0464945473751699,0.000186769597467
2025-08-25 12:00:00,0.340251427784388,0.0485432462669263,0.0034063217061847
2025-08-25 13:00:00,0.3605786231851737,0.0532950582181722,0.0008834503435118
2025-08-28 02:00:00,,,0.0
2025-08-28 03:00:00,,,0.003922161546808
2025-08-28 04:00:00,,,0.0087425959195289
2025-08-28 05:00:00,,,0.0034863658193849
2025-08-28 06:00:00,,,0.0112537475424128
2025-08-28 07:00:00,0.51062632275469,0.0877194332303296,0.002961632188406
2025-08-28 08:00:00,0.3777356157965572,0.0596608448494404,0.0023390668635158
2025-08-28 09:00:00,0.4132167390595891,0.0651617375409633,0.0004624770984898
2025-08-28 10:00:00,0.3048727428063518,0.0447801489807597,0.0037887546914744
2025-08-28 11:00:00,0.3319303493907402,0.0517477673050763,0.0004713708888454
2025-08-28 12:00:00,0.2492343978883825,0.0357367923271227,0.0003291609953116
2025-08-28 13:00:00,0.2858931905546982,0.0433733184744636,0.0003557516142229
2025-08-28 14:00:00,0.3131706657081958,0.0482423517397823,0.0007381845995126
2025-08-28 15:00:00,0.4694753830343949,0.078764221901293,0.0007026094380903
2025-08-28 16:00:00,0.4326616698792064,0.0760511732517158,0.000916060406624
2025-08-28 17:00:00,0.6224833216667175,0.1200207986111111,8.893790355573739e-06
2025-08-28 18:00:00,,,0.0
2025-08-28 19:00:00,,,0.0
2025-08-28 20:00:00,,,8.893790355573739e-06
2025-08-28 21:00:00,,,0.0
2025-08-28 22:00:00,,,0.0
2025-08-28 23:00:00,,,0.0
2025-08-29 00:00:00,,,0.0
2025-08-29 01:00:00,,,2.668137106672121e-05
2025-08-29 02:00:00,,,0.0
2025-08-29 03:00:00,,,0.0051050356640993
2025-08-29 04:00:00,,,0.0090983475337519
2025-08-29 05:00:00,,,0.0032462334797844
2025-08-29 06:00:00,,,0.0080333075342282
2025-08-29 07:00:00,0.4495599408528048,0.0787806756279108,0.0009961045198242
2025-08-29 08:00:00,0.3777099845100098,0.0638189495851872,0.0007381845995126
2025-08-29 09:00:00,0.3967889310936166,0.0648126217306622,0.000249026129956
2025-08-29 10:00:00,0.2673707985809994,0.0402875283072095,0.004402426226009
2025-08-29 11:00:00,0.333506977032115,0.0534667437090138,0.0001511944360447
2025-08-29 12:00:00,0.2511012979809549,0.0368160644863352,0.0052665759249868
2025-08-29 13:00:00,0.4230240149977582,0.0601268785218591,0.0005958839538234
2025-08-29 14:00:00,0.4849684854536353,0.0700083184634161,0.0025347302513385
2025-08-29 15:00:00,0.4800236914265395,0.073243548065918,0.0004891584695565
2025-08-29 16:00:00,0.5758856387024266,0.0944679742085574,0.0007026094380903
2025-08-29 17:00:00,0.7156206862926483,0.1243708680555555,0.0
2025-08-29 18:00:00,,,1.7792486233063776e-05
2025-08-29 19:00:00,,,0.0
2025-08-31 02:00:00,,,0.0001033591731266
2025-08-31 03:00:00,,,0.0067859620413027
2025-08-31 04:00:00,,,0.0054607872783222
2025-08-31 05:00:00,,,0.002961632188406
2025-08-31 06:00:00,,,0.0071970606812742
2025-08-31 07:00:00,0.6158449841103443,0.1010510007373525,0.0031128266244508
2025-08-31 08:00:00,0.438546972468487,0.0688694457970073,0.0005158398406232
2025-08-31 09:00:00,0.4463123657755172,0.0668791251971974,0.0047937530016542
2025-08-31 10:00:00,0.3760748287672192,0.0543280612363197,0.0008804852452018
2025-08-31 11:00:00,0.4525145017974696,0.0662568231968404,0.0002757075010227
2025-08-31 12:00:00,0.3405320109204867,0.0487675831942899,0.0008718318254201
2025-08-31 13:00:00,0.8400317430496216,0.1287803819444444,0.0005158398406232
