time,zv,za,maha
2025-07-03 13:00:00,3.740961423633426,1.503407908730629,6.231550819390398
2025-07-03 14:00:00,-1.0436720668826012,4.431258573197159,4.779983762105287
2025-07-03 16:00:00,-0.9119598997033845,2.1312896371223955,2.167220456794618
2025-07-03 17:00:00,-1.0209311032898776,1.4370445223552168,1.4956621956241976
2025-07-06 11:00:00,-1.0756625978190655,5.707547119268153,6.292313534359329
2025-07-06 12:00:00,-1.2249046980631786,1.6294856390214807,1.7200926819913334
2025-07-06 13:00:00,-1.0585272012093483,0.9699598760608394,1.227204466068892
2025-07-06 14:00:00,-1.184885627982136,1.2512210872483627,1.45039148919534
2025-07-06 15:00:00,-1.1052840537597,1.8940428297437706,1.9183838679600422
2025-07-06 16:00:00,-1.0364609671500589,1.891363333138069,1.9102772198711613
2025-07-06 17:00:00,-0.8896847915706648,2.3508279007265207,2.41425279641472
2025-07-07 06:00:00,-0.5848830122092988,0.8510422646009942,0.8796948733404362
2025-07-07 07:00:00,-1.0038450234536225,3.894714316022665,4.161822070647368
2025-07-07 08:00:00,-0.5682623638579459,2.9661885680933566,3.2651396570634033
2025-07-07 09:00:00,-1.0687507125705227,3.3542609314520466,3.5041926834085357
2025-07-07 10:00:00,-1.1957356581968468,6.9054915290476515,7.670894402458707
2025-07-07 11:00:00,-1.012630470208405,0.32853652852413706,1.17250880565055
2025-07-07 12:00:00,-1.1239852261117795,2.314308840742214,2.3383509385650103
2025-07-07 13:00:00,-1.2526038255666387,0.1578676727784463,1.572054757299441
2025-07-07 14:00:00,-0.8522040863698653,2.530713051862708,2.6286901145838626
2025-07-07 15:00:00,-1.060059613993618,7.501070466778497,8.47071404892167
2025-07-07 16:00:00,-1.0747409169010538,2.548229709449019,2.5938089880462827
2025-07-07 17:00:00,-0.9232278679830901,-0.41725226389041703,1.5808573254908482
2025-07-08 06:00:00,-0.49803485454349494,1.4149714094055175,1.4632183002101202
2025-07-08 07:00:00,-0.8042287950235866,2.197863779380403,2.26425154969133
2025-07-08 08:00:00,-0.7512014563197988,2.0717632814301026,2.136204091021433
2025-07-08 09:00:00,-0.9724160022020617,1.258505143649672,1.3392316198485918
2025-07-08 10:00:00,-1.3050673527292058,2.716646161531417,2.745812259406455
2025-07-08 11:00:00,-0.890959192262657,2.4219555748741355,2.493853261448251
2025-07-08 13:00:00,-0.8211706137550605,2.40549021617759,2.4951469637382853
2025-07-08 14:00:00,-1.2143320659985368,1.2848270384948108,1.4877869384259654
2025-07-09 12:00:00,0.09558724084096816,2.9321860874940318,3.6677511084879444
2025-07-09 13:00:00,-1.1532020320777396,4.019309579336071,4.246097543066597
2025-07-09 14:00:00,-0.6279746907671505,1.7730049024814762,1.8323270607898798
2025-07-09 15:00:00,-0.8431933133500643,3.040354705990966,3.2236132952324925
2025-07-10 13:00:00,-1.3937836408817066,1.978528652909018,2.0554307638268687
2025-07-10 14:00:00,-1.5304430175545978,2.5837277683627478,2.6196339928494217
2025-07-10 15:00:00,-0.8728828378981349,1.1613271033581185,1.2258627255365324
2025-07-10 16:00:00,-1.3971948095049163,2.977003029150945,3.0116109249997294
2025-07-11 14:00:00,-1.0128103679069778,6.0911398348927985,6.789860981343942
2025-07-11 15:00:00,-1.5289187406137572,3.9290869261207213,4.0251250148986415
2025-07-11 16:00:00,-0.7301489207382008,2.9509328188213386,3.166903847073702
2025-07-11 17:00:00,-0.33813109714451145,-0.48142410801125507,0.924533352228383
2025-07-12 16:00:00,-1.1060098509546024,4.346771155409849,4.6512140235547985
2025-07-12 17:00:00,-0.8361437003953717,-0.6385330950484057,1.689018117304927
2025-07-13 13:00:00,-1.0331404007114307,3.632214630711584,3.8407281201959327
2025-07-13 14:00:00,-1.1228988846881531,7.056430480374384,7.89470919312474
2025-07-13 15:00:00,-0.4239439727861966,2.619699075668583,2.9268480196216724
2025-07-13 16:00:00,-0.7750436772497536,1.1002109094695047,1.1429726994440903
2025-07-13 17:00:00,-1.0201079725181037,-0.610936423890452,1.8911996245669271
2025-07-14 06:00:00,-0.6488636934151155,2.5032719095099174,2.6733511100906644
2025-07-14 07:00:00,-0.7953042774064141,0.1886062277861603,0.9507964884457153
2025-07-14 08:00:00,-0.947942612367258,0.676471811618918,1.0489330180141763
2025-07-14 09:00:00,-1.173357077592423,2.800112578248148,2.8515325361074684
2025-07-14 10:00:00,-1.283386753162304,2.0464982666519487,2.0861081660065386
2025-07-15 14:00:00,-1.1412335668115214,1.8057046654458468,1.8423463831316387
2025-07-15 15:00:00,-0.7372300282063641,1.94239070759765,1.9942748124358287
2025-07-15 16:00:00,-0.8326406129054679,5.522547572226929,6.205470877459797
2025-07-15 17:00:00,0.029568528348650334,-0.5512608470091543,0.6540399837662019
2025-07-16 06:00:00,-0.5025311879475536,2.6022423935898455,2.8623872440296863
2025-07-16 07:00:00,-0.6130916330919874,3.0203313025223917,3.3066343915604737
2025-07-16 08:00:00,-0.8267867363802095,3.1227568010710876,3.3274231958317815
2025-07-16 09:00:00,-0.9448010716103339,1.9557371627201579,1.9763744804538066
2025-07-16 10:00:00,-0.9165613896635151,2.461432481604166,2.531614038789838
2025-07-16 11:00:00,-1.0737095705875002,0.9542403575389754,1.2338518936401333
2025-07-16 12:00:00,-0.7685268287873402,0.7323633149098375,0.9024461081726162
2025-07-17 10:00:00,-0.9894288363085523,5.945990070373888,6.627633726402154
2025-07-17 11:00:00,-0.7749981736462596,2.796836427220725,2.9656867704212635
2025-07-19 12:00:00,-1.059146620004511,2.8264676057961413,2.905360067054602
2025-07-19 13:00:00,-1.097974960695295,4.043772587806898,4.297233555918203
2025-07-20 07:00:00,0.14019187692642204,0.3085167572502608,0.5083675504542313
2025-07-20 08:00:00,-0.3181998425058598,0.09956625260050372,0.36986327969963473
2025-07-20 09:00:00,-0.7427881631810744,1.9985435517265917,2.0558894551536526
2025-07-20 10:00:00,-0.469039080871352,0.8913939101224253,0.8997326636713041
2025-07-20 11:00:00,-1.093365305585416,1.1827462440819603,1.353843695702793
2025-07-20 12:00:00,-0.8896319426853373,0.8456397736433303,1.0437458366541048
2025-07-20 13:00:00,-0.8644293870015199,1.666534910841572,1.6820788809954645
2025-07-20 14:00:00,-0.6568196262066954,1.804768090754467,1.8602435998985052
2025-07-20 15:00:00,-0.6398715503013485,2.711915980953329,2.92479399401712
2025-07-20 16:00:00,-0.2770903489174452,3.7864965300121365,4.441295075805529
2025-07-20 17:00:00,0.3078071428516408,-0.47268925559846425,0.4841995668997371
2025-07-21 06:00:00,-0.2447951489518568,1.1064733446694337,1.201163775385683
2025-07-21 07:00:00,-0.16032287061190398,1.380955197338432,1.5808909390145691
2025-07-21 08:00:00,-0.28655859883729945,1.3416316400967456,1.4615509725028177
2025-07-21 09:00:00,-0.4501371782414387,1.5956552004246773,1.6887482582254676
2025-07-21 10:00:00,-0.7115060353561373,0.2464315646883296,0.81809558666147
2025-07-21 11:00:00,-0.868193102666998,0.9091906010609361,1.0586837402159586
2025-07-21 12:00:00,-0.8277607952946324,0.23747997656020944,0.9709811185662213
2025-07-21 13:00:00,-0.9957110884410889,0.630238756980383,1.0957972889096077
2025-07-21 14:00:00,-0.8410112257461541,1.2320236094180532,1.2718806669327152
2025-07-21 15:00:00,-0.46196729803946673,1.2680079394707326,1.3068506955937453
2025-07-21 16:00:00,-0.400520900046286,2.5967742573572745,2.9126271748559933
2025-07-21 17:00:00,-0.07614887154347179,-0.7559489091678034,0.9877991037607183
2025-07-22 07:00:00,0.23142640771861328,2.0143140981544563,2.6564710502074456
2025-07-22 08:00:00,-0.012640017113626164,1.6445886589359562,2.0061297605662025
2025-07-22 09:00:00,-0.3067553166335752,0.38027979969967024,0.41047017538074826
2025-07-22 10:00:00,-0.8590304335155482,0.33113647120694245,0.9765677024284087
2025-07-22 11:00:00,-0.7140319363123749,0.4917654978569657,0.7881034554686845
2025-07-22 12:00:00,-0.9992861650455404,2.506707965694165,2.562715584172398
2025-07-22 13:00:00,-0.4669274113125437,2.5955758988772994,2.873590009037308
2025-07-22 14:00:00,-0.8131881494724731,2.3078548737145548,2.386291108435801
2025-07-22 15:00:00,-0.6023877722257969,2.4506059722909943,2.6317646074551644
2025-07-22 16:00:00,-0.4014185223810294,3.716181847346058,4.273283376146495
2025-07-22 17:00:00,-0.3440725415842315,-0.4008479437828201,0.8420268680267275
2025-07-23 07:00:00,0.03886066501256866,0.07056300075725715,0.12357579397737738
2025-07-23 08:00:00,-0.3768239537195595,0.11135449619759706,0.44066012610900196
2025-07-23 09:00:00,-0.48021070975098923,0.5211472066697144,0.5955609515192463
2025-07-23 10:00:00,-1.1084265689477975,1.3214010243501595,1.4474128446955292
2025-07-23 11:00:00,-0.638816721766278,0.8735610744171647,0.9154344228536607
2025-07-23 12:00:00,-0.8936592622777804,1.9714075137284282,1.9976130746967058
2025-07-23 13:00:00,-1.079853312577186,2.506948044904687,2.5480684048178577
2025-07-23 14:00:00,-0.630278613495236,2.219407566395464,2.347217364768873
2025-07-23 15:00:00,-0.923172823073509,1.123921167736713,1.2211638239697182
2025-07-23 16:00:00,-0.567032832740297,3.3906711141855306,3.777779983200625
2025-07-23 17:00:00,-1.0898318467889256,-0.47033486699526234,1.8453586251460399
2025-07-24 06:00:00,-0.29024260523769063,0.5701787344378373,0.5755600840682938
2025-07-24 07:00:00,-0.16158758399437337,0.193407014685571,0.2115161868038375
2025-07-24 08:00:00,0.02797451602555378,0.5907775307006333,0.7459174366804991
2025-07-24 09:00:00,-0.7779274951810912,0.6942155256689075,0.8949660954286516
2025-07-24 10:00:00,-0.7265750485646442,2.2384951924836898,2.33401948543236
2025-07-24 11:00:00,-1.280929493794135,0.3778647445860012,1.4982004918482836
2025-07-24 12:00:00,-0.6961053358496643,1.134292323860924,1.153575583613372
2025-07-24 13:00:00,-1.0039557387091014,0.6385667592919477,1.1049387016044763
2025-07-24 14:00:00,-0.6974789520443182,0.8240962523986125,0.9059371482829803
2025-07-24 15:00:00,-0.7031134344116717,1.814873387944812,1.859948719728749
2025-07-24 16:00:00,-0.4698344339003372,4.126751493123075,4.730078809062542
2025-07-24 17:00:00,0.12275865595952021,-0.6587377095963611,0.7269773053688339
2025-07-25 06:00:00,-0.5235584922245036,1.1608946064187202,1.1766490291559932
2025-07-25 07:00:00,-0.8431620998619125,0.1451053808715041,1.036141203020358
2025-07-25 09:00:00,-0.1511779630994108,0.1534468045854283,0.18185556359969762
2025-07-25 10:00:00,-0.7621766107022049,1.1709577347145232,1.1993959706024793
2025-07-26 07:00:00,0.12567101599473615,0.1907690668436092,0.3569490682153632
2025-07-26 10:00:00,-0.7937593126969745,1.0132512959446196,1.0829243344833046
2025-07-26 11:00:00,-0.8748828743330295,-0.08544002728942925,1.231444511181225
2025-07-26 12:00:00,-1.0512570916393484,0.6561210676769569,1.1567991376690765
2025-07-26 13:00:00,-0.8962999742326523,0.7326111900504431,1.0101786770815846
2025-07-26 14:00:00,-0.8969119789238214,1.460175224092818,1.485132534611756
2025-07-26 15:00:00,-0.7280873099611924,0.9379000880842225,0.9995079160472338
2025-07-26 16:00:00,-0.5444079970975398,3.1075119483831637,3.4484295150494666
2025-07-26 17:00:00,-0.23944564823693956,-0.5671568636163036,0.9153709946277327
2025-07-31 12:00:00,1.6342896373778137,0.6757858583616958,2.7398649531282206
2025-07-31 13:00:00,0.09215011668758132,0.6155118906924304,0.8304574622996522
2025-07-31 14:00:00,-0.0011264592584792957,0.6634650995858391,0.8123121139898578
2025-07-31 15:00:00,-0.09317427716868819,0.7546090899928611,0.8603767240480269
2025-07-31 16:00:00,-0.02458696245255373,4.0684590205467055,4.967875878414299
2025-07-31 17:00:00,1.2464775365874838,-0.5668881786577824,1.3941999174545812
2025-08-01 07:00:00,0.8682832343641295,-0.2354635769621676,1.0244275928951554
2025-08-01 08:00:00,-0.030261006308940294,-0.41378280923297167,0.5311293794950921
2025-08-01 09:00:00,-0.4822680053567469,-0.43732533983623834,1.0461570401041467
2025-08-01 10:00:00,-0.42898317622705917,-0.4393342712876208,0.9842253916997357
2025-08-01 11:00:00,-0.6201435137198054,-0.2507863889509254,1.0344519524779259
2025-08-01 12:00:00,-0.4633160777833616,-0.4164126687974719,1.0011118814272986
2025-08-01 13:00:00,-0.4687973910094962,0.03268328520305759,0.6045811094409714
2025-08-01 14:00:00,-0.28011648564659763,0.5205769521021384,0.5255759060077455
2025-08-01 15:00:00,-0.06123806028125453,0.8939655039685639,1.0514158738116512
2025-08-01 16:00:00,0.23557560053061805,3.3326153543953287,4.271010025282267
2025-08-01 17:00:00,0.9453822449883096,-0.5436661316530341,1.041488825081604
2025-08-02 07:00:00,1.0407720339157547,0.3126486001944493,1.6387301233323346
2025-08-02 08:00:00,0.45298243425147694,-0.11848555747102005,0.5363917940109738
2025-08-02 09:00:00,-0.546837359668335,0.0,0.7306818163022335
2025-08-02 10:00:00,0.16265416925442458,0.10895388127260527,0.3130448842604281
2025-08-02 11:00:00,-0.520644067135662,0.5481112026653564,0.6364087025874325
2025-08-02 12:00:00,-0.12499027947472857,0.3852901022200716,0.40175453500819003
2025-08-02 13:00:00,-0.4675285941767547,1.1870882227779416,1.2148458602727663
2025-08-02 14:00:00,0.26868187193804804,1.4183133828880763,1.9643749844348437
2025-08-02 15:00:00,0.22151365596890346,1.2541926654618472,1.722426691456505
2025-08-02 16:00:00,0.4590907695429817,3.0748797796762206,4.147556011466172
2025-08-02 17:00:00,1.2971221802589434,-0.6783792010809646,1.4353694644193473
2025-08-03 07:00:00,0.8492031427234167,-0.17578192279900948,1.0279082336357623
2025-08-03 08:00:00,0.4074140042622134,-0.22768961722720998,0.4492948400865829
2025-08-03 09:00:00,-0.02099725833250973,-0.4919930504252858,0.6193506390807961
2025-08-03 10:00:00,-0.651349119474328,1.1539490528452359,1.1666920392260456
2025-08-03 11:00:00,-0.06940659747599488,0.7232838912463732,0.8373594648974901
2025-08-03 12:00:00,0.04580225211916477,0.3388766781082436,0.4528708842628193
2025-08-03 13:00:00,-0.44871092452660943,0.3538748959171665,0.5025413469612168
2025-08-03 14:00:00,-0.3790844872268018,0.34731152009799643,0.4394707818995815
2025-08-03 15:00:00,-0.04266430048646203,0.5368653963398599,0.6274186330489313
2025-08-03 16:00:00,0.33922863947445436,2.3206802417830805,3.12382833980022
2025-08-03 17:00:00,1.3796511238864169,-0.6236553863723513,1.5439980883874718
2025-08-04 07:00:00,0.832814126432131,-0.2272627014650307,0.981954483719943
2025-08-04 08:00:00,0.42734811340581297,-0.4186353327592993,0.506860714588396
2025-08-04 09:00:00,-0.5227313218228071,0.12141496678996266,0.6261607374340198
2025-08-04 10:00:00,-0.20779670216555124,-0.23269805935520513,0.4982779308563467
2025-08-04 11:00:00,-0.6744907594765952,0.3072130651240456,0.7543250090640544
2025-08-04 12:00:00,-0.660822626856082,0.14841865115693822,0.7940516709970192
2025-08-04 13:00:00,-0.3909442544867901,-0.20020085768783075,0.6917487129042299
2025-08-04 14:00:00,-0.25620373501103555,0.12925448320971222,0.28418258601737456
2025-08-04 15:00:00,-0.1294413300951144,0.12833660103250943,0.15423690324840764
2025-08-04 16:00:00,0.24842202180754486,2.5553149696332027,3.331422744565911
2025-08-04 17:00:00,0.8805868579820549,-0.7811511578497748,1.01141266864828
2025-08-05 07:00:00,0.9598917423275046,-0.0018090987299157488,1.2813468084592887
2025-08-05 08:00:00,0.21127553069008514,-0.4758041814763567,0.4826858181970741
2025-08-05 09:00:00,-0.27576379228850467,-0.442045802078756,0.8098209213378451
2025-08-05 10:00:00,-0.22909693786694987,-0.24472009226468516,0.5365119844866425
2025-08-05 11:00:00,-0.6171495610781333,0.6218987064132347,0.7401664666234176
2025-08-05 12:00:00,-0.5016248389645254,-0.30044575486110375,0.9299981969699792
2025-08-05 13:00:00,1.0525798059743179,0.4947103218558461,1.820249935395109
2025-08-05 14:00:00,0.12520985375134328,0.486685297736158,0.7050034112143184
2025-08-05 15:00:00,0.5583472878474378,1.0094263291573495,1.770449071889137
2025-08-05 16:00:00,0.8340195544505457,3.3298252973266265,4.801864401546992
2025-08-05 17:00:00,1.4527833241023491,-0.5657999908443038,1.6497942087266568
2025-08-06 07:00:00,1.3483813973946532,0.37428410933475315,2.09626204240851
2025-08-06 08:00:00,0.7053393505660936,0.08457791258935711,1.0049109697613101
2025-08-06 09:00:00,0.0,0.3369950240744838,0.4130323888317844
2025-08-06 10:00:00,0.3277286280359159,0.33359396098549726,0.7497191401225939
2025-08-06 11:00:00,-0.08658982137506595,0.2089085572305016,0.21291752234990532
2025-08-06 12:00:00,0.07700116544988825,0.1727309678428579,0.283052669475191
2025-08-06 13:00:00,-0.06941297887586656,0.9746304354918118,1.144474789042359
2025-08-06 14:00:00,0.38611570640792975,0.43466429655140465,0.928352899523105
2025-08-06 15:00:00,-0.04321913259645383,0.21204362850045047,0.23205226410686156
2025-08-06 16:00:00,0.6604190396465239,1.6037374537583868,2.5710457479211715
2025-08-06 17:00:00,2.8941109219827865,-0.7705670665261504,3.4209092631541713
2025-08-07 07:00:00,1.2034276595659021,-0.08776463189610818,1.5495264881588713
2025-08-07 08:00:00,0.8201436644923998,-0.5240189438240628,0.9026992962490838
2025-08-07 09:00:00,0.02872953873282119,0.12268924699813598,0.1750282784688527
2025-08-07 10:00:00,-0.03130193700322424,0.5896511073937003,0.6998167667646322
2025-08-07 11:00:00,0.2403419893625759,0.5892356197563022,0.9422471138237757
2025-08-07 12:00:00,0.38276054395342496,-0.3495773451636491,0.44330910917228505
2025-08-07 13:00:00,0.28312285507656404,0.5417559250253439,0.932206335238715
2025-08-08 11:00:00,18.120668045401885,-0.027600161608468284,24.19358729465816
2025-08-08 13:00:00,-0.3505755917487681,0.184136767915293,0.3878387368185414
2025-08-08 14:00:00,0.11754300683769744,0.4205653569956219,0.618240113355126
2025-08-08 15:00:00,-0.005662858872725765,-0.17921080318397545,0.22402600727448227
2025-08-08 16:00:00,0.5143040819760993,2.048045493003155,2.9547099764811753
2025-08-08 17:00:00,1.6203583185137007,-0.7310455901094723,1.8136965820820194
2025-08-09 07:00:00,0.7778590571028098,-0.21840076653286933,0.914484040472065
2025-08-09 08:00:00,0.4039545944840608,-0.31595088530567494,0.4518271965172477
2025-08-09 09:00:00,-0.2699246716077198,-0.3685371357165302,0.720381526277213
2025-08-09 10:00:00,-0.30573525355514647,0.619677486470275,0.6258545965950308
2025-08-09 11:00:00,-0.3577462337087436,-0.15506902246862939,0.6063856854010453
2025-08-09 12:00:00,-0.472763087770122,-0.01343274189411236,0.6411872160479397
2025-08-09 13:00:00,-0.3737251387549895,0.03914522534102924,0.4738025818790035
2025-08-09 14:00:00,-0.2609159582965176,-0.3855851073016356,0.729259715087833
2025-08-09 15:00:00,0.10786712148382883,0.201132161267393,0.3490787661611131
2025-08-09 16:00:00,0.0792444196113694,2.573232674668234,3.215091797660085
2025-08-09 17:00:00,0.6669162575186557,-0.31421540496097833,0.7436723764726577
2025-08-10 07:00:00,0.7999628285315455,0.049274176091967874,1.1042878126403866
2025-08-10 08:00:00,0.08314533590387502,0.06181791618623193,0.1662342535759988
2025-08-10 09:00:00,-0.34267210841640966,0.7588028574271437,0.7690451328667881
2025-08-10 10:00:00,-0.7755821875170934,0.18637136496555481,0.9260524125272044
2025-08-10 11:00:00,0.2388274475328344,-0.2710377347843237,0.3031698366956823
2025-08-10 12:00:00,-0.34835922287581483,-0.04929889273393681,0.5022246667486859
2025-08-10 13:00:00,-0.15747332741992773,0.19631715565459165,0.2114854842072016
2025-08-10 14:00:00,0.19579425810559253,0.20836713874522278,0.4576790939596775
2025-08-10 15:00:00,0.16178323714763698,-0.25627995054638136,0.26144348926513783
2025-08-10 16:00:00,0.4581964840397416,-0.35672608016493146,0.5121384986611659
2025-08-10 17:00:00,1.112419410336744,-0.8596025590520089,1.2420147425623935
2025-08-11 07:00:00,1.1193273374872879,-0.1652720345553603,1.3907673186567306
2025-08-11 08:00:00,0.5222654237442148,-0.33362939703133054,0.5748348452635579
2025-08-11 09:00:00,-0.1809994250322441,-0.27513121820889747,0.5145228177450777
2025-08-11 10:00:00,0.3359157543139591,-0.5096541187573799,0.5230122736752546
2025-08-11 11:00:00,-0.03906559988700896,-0.2091974052991022,0.28922425204866625
2025-08-11 12:00:00,-0.03125580464685366,-0.571742438550356,0.7252551965913125
2025-08-11 13:00:00,0.38765880818768833,-0.26874023875270747,0.4280463380301702
2025-08-11 14:00:00,0.4982931725319413,0.42382618193322263,1.051456541005833
2025-08-11 15:00:00,0.8379883859363704,-0.06999283477979579,1.0733779689188414
2025-08-11 16:00:00,0.9049356778430308,0.37707576102551793,1.5197783948796064
2025-08-11 17:00:00,1.375984613364623,-0.6072759335099182,1.5432857313848254
2025-08-12 07:00:00,1.465787688692337,-0.2994543428887964,1.7762727342720477
2025-08-12 08:00:00,0.9815601987553737,-0.4335935521314875,1.1008116103014673
2025-08-12 09:00:00,0.014620753489181761,-0.20770226993527138,0.2440149603484884
2025-08-12 10:00:00,0.295625111638336,-0.4291788852464903,0.44382228474689234
2025-08-12 11:00:00,-0.05854049859742271,-0.43571989206172784,0.5819837581908891
2025-08-12 12:00:00,0.45508422655949893,-0.45935005600634093,0.546169566246974
2025-08-12 13:00:00,0.11974067267577483,-0.4006576522166942,0.4214207494035111
2025-08-12 14:00:00,0.27574984426031457,0.043859548288606054,0.40139986736736233
2025-08-12 15:00:00,0.45342018023695324,0.03194683558052251,0.628897947447102
2025-08-12 16:00:00,0.8806681201832459,0.32280155886644024,1.4385698592632192
2025-08-12 17:00:00,1.642133100121688,-0.8556506692075746,1.8175659996438602
2025-08-13 07:00:00,2.029771369251854,-0.47130112823403925,2.4314637401124752
2025-08-13 08:00:00,0.5677649341935932,-0.5530870790672305,0.6719938700071197
2025-08-13 14:00:00,0.3008286635182654,-0.07559926018123156,0.35763671405980535
2025-08-13 15:00:00,1.6211158386797089,0.21300022455772644,2.3241916019125433
2025-08-13 16:00:00,1.8090121148603546,1.0189518040477432,3.2905220190176694
2025-08-13 17:00:00,2.314363321385377,-0.8133856898274082,2.656914835107799
2025-08-14 07:00:00,1.5647794796736927,-0.4788576523917624,1.8231352259842415
2025-08-14 08:00:00,0.9961684307192454,-0.3645422973845456,1.1386942320642943
2025-08-14 09:00:00,1.1804410035970263,-0.5975784166170025,1.3090379830801127
2025-08-14 10:00:00,0.27920864474023455,-0.6064895190627577,0.614072195053007
2025-08-14 11:00:00,0.031008798479723248,-0.45403906977803066,0.534071269407446
2025-08-14 12:00:00,0.22726139295089817,-0.374280742910399,0.38025887828923416
2025-08-14 13:00:00,-0.03805621306027921,-0.5700664376085909,0.7287440974247796
2025-08-14 14:00:00,1.2069536228870161,-0.5428427219740235,1.3513461785612129
2025-08-14 15:00:00,0.7570580833893209,-0.685307027772521,0.874505824789784
2025-08-14 16:00:00,1.1221240928412846,0.8169828205579917,2.225806259154573
2025-08-14 17:00:00,1.3463839530402018,-0.6947487141325415,1.4911431373944
2025-08-16 07:00:00,1.3642864541479351,-0.7084843987824847,1.510355315158299
2025-08-16 08:00:00,0.2695922760324414,-0.7016498309045507,0.7196010428907821
2025-08-16 09:00:00,0.13072567665257237,-0.6636367429328454,0.7286231081391139
2025-08-16 10:00:00,-0.08254544607319123,-0.5193592809771841,0.7049911212626738
2025-08-16 11:00:00,-0.23296451544109925,-0.5596090035717868,0.8997581129544008
2025-08-16 12:00:00,-0.43826570094063955,-0.3670935686583986,0.9188629529185764
2025-08-16 13:00:00,-0.0750620725844243,-0.552703218100739,0.7389408961172257
2025-08-16 14:00:00,-0.06753701504338792,-0.5140784242468438,0.6853076149101989
2025-08-16 15:00:00,0.14314510013110726,-0.08851162374227887,0.1575131759393404
2025-08-16 16:00:00,0.6399516159501497,0.9453440496423556,1.7882300137446119
2025-08-16 17:00:00,1.2365164170881073,-0.6106378397682587,1.3736791794326204
2025-08-17 07:00:00,1.6662735735152179,-0.7025790526164203,1.8770691629767426
2025-08-17 08:00:00,0.6454854580651549,-0.8295266846784162,0.8846730517286527
2025-08-17 09:00:00,-0.11485062436384887,-0.6394030942686759,0.8798565823920019
2025-08-17 10:00:00,0.5580221006171159,-0.5007750239200237,0.6429863380035551
2025-08-17 11:00:00,0.052053700550074265,-0.4735673165191616,0.5439861132285685
2025-08-17 12:00:00,0.017764439312066668,-0.7078691670137345,0.8543459944852023
2025-08-17 13:00:00,-0.010093530296769666,-0.07939982039193387,0.10555216060136297
2025-08-17 14:00:00,0.6936641063931144,-0.4618370374340404,0.7643495757620097
2025-08-17 15:00:00,1.121597586692501,-0.38888367162804877,1.2894744560769542
2025-08-17 16:00:00,1.063848107104468,0.2959916210800594,1.6545082571605958
2025-08-17 17:00:00,3.0762316092025213,-0.6206398763210448,3.731868787735626
2025-08-18 07:00:00,2.0906598771605545,-0.7488141625456137,2.3952488419133457
2025-08-18 08:00:00,1.0821060573583883,-0.7739988438078631,1.1976223192644209
2025-08-18 09:00:00,0.7667216871473439,-0.8209097545671479,0.9446554913007679
2025-08-18 10:00:00,-0.20747613721793987,-0.6250611963236472,0.9511722067064262
2025-08-18 11:00:00,1.2817986250340587,-0.7841011200753006,1.4104980323505991
2025-08-18 12:00:00,0.07992032041277455,-0.6619013068832059,0.7558008780907681
2025-08-18 13:00:00,0.44146287253567074,-0.5943730490911314,0.6253725859805475
2025-08-18 14:00:00,0.30996440217709353,-0.35267600589650394,0.3940273113410905
2025-08-18 15:00:00,1.1455827838727515,-0.4037350070269916,1.314751596538548
2025-08-18 16:00:00,1.7549896738219786,-0.03053391184302538,2.323984082928703
2025-08-18 17:00:00,0.003718171054934875,-0.7211107757356324,0.881008567663384
2025-08-19 07:00:00,1.9922418876397423,-0.7781468898840089,2.2617284006188725
2025-08-19 08:00:00,0.8175580307682655,-0.8150641890104046,0.9762896642319109
2025-08-19 09:00:00,0.9459095692590119,-0.7754032185993028,1.0666892437084665
2025-08-19 10:00:00,0.0023549390393227355,-0.7494233613275607,0.9167369417477566
2025-08-19 11:00:00,-0.169553506801156,-0.6832300148180808,0.9837685131704091
2025-08-19 12:00:00,3.228941287420684,-0.6744907594765952,3.9053200004189113
2025-08-20 11:00:00,0.8165311237510262,-0.6993557898874032,0.9295299884189367
2025-08-20 12:00:00,-0.7530606017946804,-0.5624641655156967,1.508240502129245
2025-08-20 13:00:00,0.017370308767859697,-0.493439877599634,0.5919180668760851
2025-08-21 11:00:00,2.8921120966224003,-0.534718680683265,3.534091986326295
2025-08-21 13:00:00,0.7814695395564583,-0.4107840692903558,0.8644920456670045
2025-08-21 14:00:00,0.7256237427552911,-0.7148548253320912,0.8624868543247056
2025-08-21 15:00:00,1.76002417549978,-0.4023137558187237,2.111423295398627
2025-08-21 16:00:00,1.7117311712350003,-0.2281253034107331,2.141009868293721
2025-08-21 17:00:00,4.293940065383084,-0.7736424812129384,5.257937636984818
2025-08-22 07:00:00,1.9419487226831262,-0.7191796441228775,2.216981748490671
2025-08-22 08:00:00,1.7585479697146649,-0.8740545745094653,1.9526830890869935
2025-08-22 09:00:00,0.2982580458478926,-0.8043185979078937,0.8275732553872536
2025-08-22 10:00:00,1.5936344029889091,-0.4847178884714808,1.8579539277327257
2025-08-22 11:00:00,0.5054300626622397,-0.6232805970335931,0.6740289794620785
2025-08-22 12:00:00,0.21441026268444752,-0.7009696360047765,0.7354735298508036
2025-08-22 13:00:00,0.2885561072888903,-0.6228712043960783,0.6304722541851925
2025-08-22 14:00:00,0.9499510896573861,-0.39098791718371195,1.0726958475999977
2025-08-22 15:00:00,1.647462017272648,-0.6195676701642371,1.8777360839569484
2025-08-22 16:00:00,2.012207041144732,0.029745681298516128,2.7095512101146637
2025-08-22 17:00:00,4.452234999973423,-0.7141406118283166,5.499953493284116
2025-08-23 07:00:00,2.2346638922660786,-0.6796684087234454,2.6053141062395215
2025-08-23 08:00:00,1.531250913481051,-0.8009715304937458,1.694432744461351
2025-08-23 09:00:00,0.7096525250017294,-0.7802443405778836,0.8858925039696708
2025-08-23 10:00:00,0.3629978191915578,-0.8464989648696212,0.8606424857466508
2025-08-23 11:00:00,0.48301072375757587,-0.7770254276234927,0.7912860334126022
2025-08-23 12:00:00,-0.19765948848106088,-0.6586806132675119,0.9815324282832723
2025-08-23 13:00:00,0.28248399793174866,-0.6316062339890984,0.6404747581908595
2025-08-23 14:00:00,0.7505423404162376,-0.4672142536320136,0.825885739608073
2025-08-23 15:00:00,1.3827928889243921,-0.5209493495078029,1.575780279349056
2025-08-23 16:00:00,1.0984669230451458,-0.5558475116016159,1.2181691083964843
2025-08-23 17:00:00,2.76882182936965,-0.8490160580772678,3.225291177807298
2025-08-24 07:00:00,2.681477501609225,-0.6945973490627636,3.1783119375903865
2025-08-24 08:00:00,1.784083492655534,-0.8467107749745797,1.9882097755691854
2025-08-24 09:00:00,0.04062571221113611,-0.8004578229963089,0.9513236780351637
2025-08-24 10:00:00,0.31791739384281315,-0.8182156317335284,0.8383236636493437
2025-08-24 11:00:00,0.14492736261096859,-0.7133182120766123,0.7808666400170022
2025-08-24 12:00:00,0.26927865363336384,-0.6910482518923075,0.7078544739366538
2025-08-24 13:00:00,0.5257340643932942,-0.5981906983349369,0.6683220813578056
2025-08-24 14:00:00,1.1758792916773388,-0.5455025781513219,1.3129416390266369
2025-08-24 15:00:00,1.284278134035382,-0.4348312623403607,1.480268452478758
2025-08-24 16:00:00,1.5899165787245693,-0.43947509413376323,1.8721797041601551
2025-08-24 17:00:00,2.513691582809568,-0.7532487001933121,2.9352220272492398
2025-08-25 07:00:00,2.429295820058796,-0.5990445564363299,2.893379825353505
2025-08-25 08:00:00,1.3818721447148112,-0.7924267747488289,1.5224877162682027
2025-08-25 09:00:00,1.1630920678059462,-0.893707821902274,1.2975566941692223
2025-08-25 10:00:00,-0.046822665239101925,-0.8399847477050337,1.066251548616328
2025-08-25 11:00:00,0.07735907673527097,-0.8648486441623751,1.0049593044975391
2025-08-25 12:00:00,0.19643942027315398,-0.7699508336891053,0.8236424004666754
2025-08-25 13:00:00,0.38319423798967023,-0.7905187828740033,0.7987767266077705
2025-08-28 07:00:00,1.761747955282341,-0.6095070489686768,2.0259136999376772
2025-08-28 08:00:00,0.5408230187696635,-0.6127186443796031,0.6858886103092781
2025-08-28 09:00:00,0.8668035870043079,-0.7643167947489539,0.9939777564570536
2025-08-28 10:00:00,-0.12860000271915012,-0.6592335307496637,0.916451170001576
2025-08-28 11:00:00,0.11999004061350484,-0.8080218684547602,0.9090236349020799
2025-08-28 12:00:00,-0.6397737656674013,-0.8491286295358694,1.6802707556428627
2025-08-28 13:00:00,-0.3029734345287178,-0.8606005532698298,1.3270018807674224
2025-08-28 14:00:00,-0.05236336267092769,-0.7780610814990231,0.9949800242152406
2025-08-28 15:00:00,1.3836763081711017,-0.84528435010362,1.5226159007282356
2025-08-28 16:00:00,1.0454526548726442,-0.7319498648450751,1.1551372029967177
2025-08-28 17:00:00,2.7894270339871583,-0.9064572150885328,3.2292773003493482
2025-08-29 07:00:00,1.2007044470247819,-0.687516987911917,1.3229481065545363
2025-08-29 08:00:00,0.5405875329511522,-0.7504112917083648,0.7835153613719767
2025-08-29 09:00:00,0.715874143877661,-0.7813692401348458,0.8903724358975171
2025-08-29 10:00:00,-0.4731467352974151,-0.6003630431116806,1.2120030798416959
2025-08-29 11:00:00,0.1344752070108524,-0.8765571300793087,0.9835970186911881
2025-08-29 12:00:00,-0.6226217395462856,-0.6086633875894724,1.397429231451829
2025-08-29 13:00:00,0.956907312285443,-0.6684968409139698,1.0571414730199018
2025-08-29 14:00:00,1.5260182034065222,-0.7134665562234829,1.702756290129535
2025-08-29 15:00:00,1.48058822209487,-0.7635919504314291,1.639833372862087
2025-08-29 16:00:00,2.3613137789892855,-0.7320805707001319,2.747391475852915
2025-08-29 17:00:00,3.6451206606957447,-0.8873467770458019,4.346889706526928
2025-08-31 07:00:00,2.7284377289779065,-0.6385883487028717,3.2659498477148725
2025-08-31 08:00:00,1.0995234989117169,-0.7247839433615633,1.2111302891894289
2025-08-31 09:00:00,1.1708675571036022,-0.6095020613452257,1.2960323640581657
2025-08-31 10:00:00,0.525564643336426,-0.7455147477541006,0.7746131089359655
2025-08-31 11:00:00,1.227849288198094,-0.7497984341546856,1.3511448281137044
2025-08-31 12:00:00,0.19901726002936618,-0.6956951843397204,0.7351820528583223
2025-08-31 13:00:00,4.788139349130728,-0.7562408135953571,5.921479420074075
