time,rms_db_mean,rms_db_std,rms_db_p10,rms_db_p90,centroid_hz_mean,centroid_hz_std,centroid_hz_p10,centroid_hz_p90,rolloff_hz_mean,rolloff_hz_std,rolloff_hz_p10,rolloff_hz_p90,flatness_mean,flatness_std,flatness_p10,flatness_p90,zcr_mean,zcr_std,zcr_p10,zcr_p90,flux_mean,flux_std,flux_p10,flux_p90,mech_frac_mean,mech_frac_std,mech_frac_p10,mech_frac_p90,mid_frac_mean,mid_frac_std,mid_frac_p10,mid_frac_p90,voc_frac_mean,voc_frac_std,voc_frac_p10,voc_frac_p90,high_frac_mean,high_frac_std,high_frac_p10,high_frac_p90,ste_db_mean,ste_db_std,ste_db_p10,ste_db_p90,centroid_hz_clean_mean,centroid_hz_clean_std,centroid_hz_clean_p10,centroid_hz_clean_p90,ste_db_clean_mean,ste_db_clean_std,ste_db_clean_p10,ste_db_clean_p90,voc_activity_frac,transient_rate,n_frames,gap_hours_since_prev
2025-06-12 17:00:00,-66.498695,23.279427,-118.35536346435546,-52.889625549316406,1485.2339629418836,1112.2720512909812,681.7685252536558,3769.3010440092494,2957.693878125704,1879.3512450930523,1281.25,6453.125,0.096628755,0.20051017,0.0010527175851166247,0.544441568851471,0.13014614778103176,0.1602392140394078,0.029296875,0.4697265625,0.8516911770462021,5.589168394453254,0.000406312890117988,0.6807599186897278,0.81049585,0.32332563,0.09060695469379425,0.9817595839500427,0.09559027,0.102951325,0.01965184360742569,0.23505521714687347,0.10857015,0.19053367,0.0020129849668592214,0.5097492814064026,0.034537517,0.07693017,1.546141975268256e-05,0.19347735941410066,-9.293122,23.275303,-61.15469131469727,4.306087493896485,1485.2339593159095,1112.272043814484,681.7685262789685,3769.301013657664,-9.293122437233059,23.275301176177695,-61.15468708585259,4.306087525534686,0.0051813471502590676,0.015994593376886686,4439,
2025-06-12 18:00:00,-60.049076,2.6678555,-63.26438179016113,-56.71661186218262,853.5420612015361,384.732273148056,579.2993439226057,1290.8009540659602,1812.8702991785728,1011.7509593975608,1000.0,3640.625,0.0021166822,0.0036262672,0.000555848062504083,0.003881153813563291,0.050984379714203686,0.048488533142171907,0.0244140625,0.0888671875,0.2939916192595843,0.21042289826099092,0.14506191611289979,0.46223553121089966,0.9635563,0.028192861,0.9392463505268097,0.984297513961792,0.044856288,0.03557322,0.016301658190786838,0.07968262210488329,0.021612393,0.076889075,0.0010300047346390785,0.038490662723779684,0.00013280271,0.0030388592,7.110416208888638e-06,8.740478588151749e-05,-2.853185,2.6678083,-6.068439722061157,0.4792494475841526,853.5420611810057,384.7322731442486,579.2993428289362,1290.8009569246037,-2.853184801758583,2.6678082909032463,-6.068439511509723,0.47924930828285417,0.010375676412192938,0.0006462412893681629,1284350,1.0
2025-06-12 19:00:00,-59.18456,2.8785217,-62.65923233032227,-55.567935943603516,864.6961256000911,402.16413282672585,573.5203414445225,1326.725170172703,1853.9206917033912,1045.888574178459,984.375,3671.875,0.0021508287,0.003682171,0.0005275324336253106,0.0041109015233814685,0.05247934361467343,0.050744001793396415,0.025390625,0.091796875,0.3267603139094965,0.21626033754513857,0.15800972580909728,0.5189126551151275,0.96356887,0.029837474,0.9399881362915039,0.9838916659355164,0.043264076,0.035587795,0.014598849695175886,0.07878564074635504,0.023138266,0.081362315,0.0010341324377804995,0.042477480694651584,0.00013917481,0.0019391861,6.319890235317871e-06,0.00010797290597110981,-1.9886723,2.8784711,-5.46332540512085,1.6278703927993763,864.6961255848024,402.164132831728,573.5203429236064,1326.725169173817,-1.9886722575064146,2.878470979972724,-5.463324917481376,1.6278701935213122,0.011036053788422113,0.0005341851160184519,2562782,1.0
2025-06-12 20:00:00,-58.868565,3.0066502,-62.31346893310547,-54.79756164550781,863.1245781401683,435.2999351772012,558.971644968177,1343.2225538849955,1834.6300601035462,1053.0004155824674,953.125,3671.875,0.0021096002,0.0035354616,0.00046244028490036724,0.00416892236098647,0.0534036228654246,0.05700632768704434,0.0244140625,0.0947265625,0.34327075471964247,0.4397039797503276,0.16713470518589021,0.5351863622665405,0.9625422,0.040010765,0.9394513249397278,0.9840384006500245,0.040387243,0.033643357,0.011815056204795837,0.07453653067350387,0.02651184,0.09574713,0.0009677811409346761,0.04562014788389205,0.00014510164,0.002309858,5.391866761783604e-06,0.00010171290778089314,-1.6726518,3.0066557,-5.11741943359375,2.3983379364013673,863.1245781186785,435.2999351552443,558.9716461941948,1343.2225549987543,-1.672651748044968,3.006655610638659,-5.117419844852484,2.3983375057034855,0.01480521736356176,0.0016395098840290467,564193,1.0
2025-06-12 21:00:00,-57.66461,7.180536,-61.96602249145508,-54.93998107910156,892.9437335310706,579.1583240059356,596.619319269507,1177.167794317211,1839.5369148612979,1117.1022837414412,1078.125,3296.875,0.01344758,0.06578398,0.0006225219287443907,0.004266336513683204,0.056340976197991284,0.0796334185854346,0.025390625,0.0712890625,1.2353828951399204,5.3367042110062,0.17281253933906554,0.574002593755722,0.9381761,0.1529574,0.9356965482234955,0.9836760699748993,0.049190927,0.041307732,0.015986808203160764,0.087781535089016,0.027444545,0.10177639,0.0012773294583894312,0.024705315940082122,0.0061735804,0.03515822,8.457173407805385e-06,0.00013693541259272087,-0.46871588,7.1806254,-4.7700835227966305,2.2558195114135744,892.9437335173014,579.1583240099867,596.6193175124862,1177.16779356498,-0.4687158277028866,7.180625218904755,-4.770082705236843,2.2558190789721935,0.003927541795807362,0.00027518802781219796,1922322,1.0
2025-06-12 22:00:00,-56.722664,9.661499,-62.29300994873047,-54.2645637512207,982.1185582196349,768.9159118991355,590.2095321181536,1359.6815650530243,1968.6426159461962,1368.4141685208413,1031.25,3609.375,0.02496352,0.09178148,0.0006134030176326632,0.005897638481110351,0.06821892720728226,0.10396799170625758,0.025390625,0.0908203125,2.128651374192006,7.626901553562293,0.16625681519508362,0.6443132758140564,0.9113875,0.21232334,0.9272731304168701,0.9831418395042419,0.05420425,0.04926751,0.016432227939367296,0.10427749454975131,0.043928962,0.13598263,0.0011985842371359467,0.04618881419301033,0.012339395,0.049253076,8.349608287971933e-06,0.0003519754449371251,0.4732513,9.661632,-5.097093486785889,2.931235551834108,982.1185582040639,768.9159119034729,590.2095317726989,1359.6815635690227,0.4732512599357473,9.661630942004269,-5.097092914515707,2.9312354188467493,0.004373341984816474,0.0004978629427323874,2317907,1.0
2025-06-12 23:00:00,-57.572014,7.151877,-61.7595874786377,-54.80006446838379,825.1850217157155,432.69725928169635,560.185775723877,1112.6994651359346,1696.3993967078898,964.3435674690035,937.5,3062.5,0.008987215,0.04627819,0.0004817136621568352,0.004256789665669204,0.04772664093176942,0.04722935022898595,0.025390625,0.0654296875,1.9138653718313374,10.3903336340801,0.175526762008667,0.5807632446289064,0.9481861,0.12046814,0.9415564656257629,0.9834747076034546,0.04908274,0.051317744,0.01453968668356538,0.0841419391334057,0.019541727,0.07590261,0.0009965671808458865,0.020315115898847602,0.0017742828,0.011151404,6.0561273130588245e-06,0.00017121509590651857,-0.37609592,7.152169,-4.563623189926147,2.3956355333328267,825.1850217010187,432.69725927481807,560.1857748909357,1112.699462267122,-0.3760959190949508,7.152168537144271,-4.563623254842053,2.3956356160829473,0.0017204388130996236,0.00013156296806055945,197624,1.0
2025-07-05 11:00:00,-56.038113,3.268172,-59.10299072265625,-52.57814178466796,1340.7446659210266,536.9382689578717,744.4865010876879,2126.1189986995237,2906.062179600495,1010.9551798135135,1468.75,4046.875,0.008140101,0.010754718,0.0013758743647485972,0.017584060505032546,0.10383447084364504,0.07581257522691165,0.0361328125,0.212890625,0.5744190825834615,1.3025996926618346,0.2583343505859375,0.886310636997223,0.94535327,0.040751316,0.8997723698616028,0.9779818058013916,0.04863478,0.053988922,0.015209066681563856,0.08878370821475988,0.0977127,0.15483183,0.003153084591031075,0.2949669659137727,0.0012456824,0.0047870544,2.8556845063576477e-05,0.0025613500736653815,1.1578201,3.268167,-1.9071517705917358,4.617849159240729,1340.7446659160626,536.9382689397338,744.4864995545583,2126.1190035902328,1.1578201033910345,3.2681669628313235,-1.9071515582819076,4.617849027784232,0.05515290790171469,0.003888987095633728,5657,540.0
2025-07-05 12:00:00,-56.25818,2.4036658,-59.100262832641604,-53.234745788574216,917.4117204752691,429.10960229999966,610.9804871982092,1485.9318948442722,1966.3129591429217,937.8090903567957,1171.875,3515.625,0.003475312,0.007177815,0.0006558426655828953,0.007379366224631672,0.05789787489994412,0.0538715302749378,0.0263671875,0.109375,0.46711701295464003,0.30498301757593826,0.23872242420911788,0.7282929420471191,0.9601798,0.034754455,0.931033855676651,0.9839297533035278,0.045081317,0.04509954,0.015552545152604583,0.0772245690226555,0.033338323,0.09951434,0.0017570832394994795,0.0680119574069977,0.00047976812,0.0045598405,8.375905963475816e-06,0.0004079232923686506,0.937783,2.403679,-1.9041902780532838,3.961096215248109,917.4117204643281,429.1096022983937,610.9804885118032,1485.9318968505647,0.9377830413152498,2.403678856063882,-1.9041901886476513,3.9610957981867703,0.017246462264150945,0.0006299020952172006,1166848,1.0
2025-07-05 13:00:00,-55.301464,2.643561,-58.34383697509766,-52.08474884033203,958.5857399855181,503.5909216457261,588.0677220405148,1707.9248435440143,2008.43267559192,1018.3145127180173,1093.75,3656.25,0.004495663,0.009749759,0.0005749967647716404,0.010263899154961117,0.06372007544437769,0.06345630394733892,0.025390625,0.138671875,0.5387271802816804,0.7579366102804735,0.2652070164680481,0.820289671421051,0.9553986,0.04848298,0.9237074017524719,0.9834029793739318,0.04649693,0.043187853,0.014192636497318745,0.08396055996418,0.04584181,0.12719515,0.001525706029497087,0.1158552065491677,0.0006646842,0.0047381916,7.612131503265119e-06,0.0007882528705522421,1.8945104,2.6435769,-1.1476965904235839,5.111115264892578,958.5857399737101,503.5909216472503,588.0677239614942,1707.924836954544,1.8945102245075256,2.643576774581388,-1.1476965489501652,5.111114867212037,0.02497062769477701,0.0009703698187198009,899657,1.0
2025-07-05 14:00:00,-56.357956,3.127451,-60.2796142578125,-52.728817749023435,1256.7689327570956,580.3009844827167,701.9688292025565,2088.309191180348,2746.22788643924,1080.0411321239105,1406.25,4093.75,0.007745418,0.013412036,0.0011202710447832942,0.01677506305277349,0.09302588811682061,0.08042486336615974,0.0322265625,0.205078125,0.513432211390663,0.5344965201879374,0.23235372304916382,0.8113641142845155,0.93695897,0.06468878,0.8825621604919434,0.979172682762146,0.05143844,0.059538078,0.015230149030685425,0.09246427416801453,0.08446767,0.16367987,0.002882584137842059,0.2640197038650513,0.0019633095,0.014960513,1.699045897112228e-05,0.0021872539538890126,0.83802545,3.1275861,-3.083676481246948,4.467168903350831,1256.7689327336793,580.3009844668235,701.9688306659451,2088.3091870965995,0.8380254157688175,3.127585923053945,-3.0836763449897977,4.467168940870095,0.05592443262512749,0.0031340253352778015,524565,1.0
2025-07-05 15:00:00,-57.692062,3.209449,-61.524523162841795,-53.81891746520996,1040.734202015798,554.4386662555894,576.4394385927094,1813.9118206842315,2230.3250165574236,1142.7121210985192,1031.25,3843.75,0.0051189703,0.010381437,0.0005464869434945286,0.012078435812145478,0.07033201719663121,0.0706462648973884,0.025390625,0.1533203125,0.4177227511939061,0.4837592013343495,0.1892197996377945,0.6606505692005158,0.95267755,0.064956404,0.907129830121994,0.9870103180408478,0.03965493,0.05346361,0.011954901739954948,0.06642905250191689,0.056026816,0.14219163,0.0012929343967698515,0.144796745479107,0.0010930327,0.010345558,6.438194668589859e-06,0.0009720448753796529,-0.49609977,3.2094922,-4.3285589694976805,3.3768554210662844,1040.7342020029264,554.4386662571051,576.439438097947,1813.9118228913421,-0.49609971887551246,3.2094921008067967,-4.3285584367284775,3.3768551629982575,0.03353779552492422,0.0020619660184432232,1345318,1.0
2025-07-05 16:00:00,-56.60009,2.751742,-59.821702575683595,-53.42343788146973,995.3373467468228,490.79821686425083,572.9571457633601,1673.1332330048635,2181.012220836697,1072.328424142244,1015.625,3718.75,0.0043687406,0.008487248,0.0005340677802450955,0.009761083871126175,0.06440506348785781,0.060327843340310564,0.0244140625,0.1328125,0.4449543829971009,0.4358707220044062,0.21766339242458344,0.67786745429039,0.9640583,0.04285676,0.935543292760849,0.9875329554080963,0.037471704,0.04162976,0.012140381801873445,0.06556741669774055,0.04555203,0.11780672,0.0013053381466306747,0.11271494477987284,0.0007053415,0.006097486,6.574967210326577e-06,0.0007464638503734018,0.59588844,2.751702,-2.6256872415542603,3.7724826097488395,995.3373467321733,490.7982168672962,572.9571459452405,1673.1332304515988,0.5958883899722767,2.751701982890717,-2.6256874001419614,3.7724819182614864,0.02578213733880637,0.0013764707517336962,1583034,1.0
2025-07-05 17:00:00,-56.74774,2.8906865,-60.11689567565918,-53.216970443725586,989.5064544910867,564.4942924676221,545.7160777279414,1842.9196953357296,2080.8775670252353,1172.4690135718488,921.875,3859.375,0.004875284,0.010673556,0.0004303565510781482,0.011737348046153784,0.06712972655307407,0.06914169647064633,0.0244140625,0.1533203125,0.4500218394209297,0.6021348524059517,0.21337061375379562,0.6983067691326141,0.96012586,0.056254886,0.928475558757782,0.9878285229206085,0.03849659,0.048127275,0.01007605716586113,0.0711502730846405,0.05314426,0.13934141,0.0010799393057823181,0.14330696314573288,0.0008700899,0.005736189,5.2831528591923416e-06,0.0011424538679420948,0.44824505,2.8907456,-2.9207682609558105,3.978996992111206,989.506454480822,564.4942924676684,545.7160785765172,1842.9196934421052,0.4482450147958384,2.890745527346522,-2.9207682674372126,3.978997079819639,0.0313594824129629,0.0013180979474683992,1102346,1.0
2025-07-05 18:00:00,-55.731388,2.5484362,-59.09004669189453,-52.528997802734374,605.9335746267376,94.25603200362482,494.86366617432077,711.5318762220885,1170.3439213331628,294.58764975967193,812.5,1515.625,0.0007201182,0.0005120918,0.00030141466995701197,0.0012034955900162459,0.02938758814276082,0.008665441588866906,0.01953125,0.0390625,0.4274557051422246,0.19657921091331979,0.21336443722248077,0.6922761797904968,0.9809009,0.010968135,0.9680243372917176,0.9904825687408447,0.02605329,0.02099456,0.008516515418887139,0.05008257627487183,0.0022882791,0.006312614,0.0007879896555095912,0.0037159091327339413,1.2151675e-05,9.917385e-05,3.474127652225434e-06,1.7302446212852374e-05,1.4645237,2.5484016,-1.893881368637085,4.666943168640137,605.9335746190089,94.25603199329552,494.86366601195874,711.5318754887942,1.4645236740221166,2.548401480607792,-1.8938810919316424,4.666943542875593,0.0001476479678718022,0.0,101593,1.0
2025-07-09 13:00:00,-55.53755,1.9493936,-57.82511978149414,-53.03831748962402,1006.1791396062973,365.1982037856652,696.5928660264847,1500.7314488263157,2272.33707981027,867.2535037053298,1406.25,3562.5,0.0037005786,0.00554568,0.0011101954034529627,0.006636477820575239,0.06842878901148003,0.04788521692156625,0.033203125,0.12890625,0.5340640381405737,0.23385769181288626,0.30221368074417115,0.8055124759674073,0.94993156,0.026810255,0.920062655210495,0.9744457185268403,0.05484022,0.032234848,0.023953174613416197,0.09195267334580422,0.041757725,0.09052579,0.0030014277435839176,0.11034774109721185,0.00045331466,0.0035954951,1.590543361089658e-05,0.000533088570227847,1.6584632,1.9493086,-0.629390662908554,4.157427167892457,1006.179139569267,365.1982037701235,696.5928633055197,1500.7314494485586,1.6584631072267912,1.949308539574234,-0.6293908910661247,4.157426915603107,0.018148071767374718,0.00010311404413281089,29094,91.0
2025-07-09 14:00:00,-55.49977,3.1900048,-59.54586181640625,-51.88214225769043,1184.33587010015,552.0099603958977,677.7678706238623,1999.296905383544,2591.4739550516797,1094.8268068067782,1328.125,4031.25,0.006964492,0.0120572625,0.001004375913180411,0.015879605896770954,0.08344202174332889,0.07385129297255101,0.0302734375,0.18359375,0.5542184162364404,0.6228475750384039,0.24980014711618423,0.8782910943031312,0.9473107,0.052867007,0.9087470710277558,0.979748421907425,0.04591597,0.047098983,0.015126557741314174,0.0815731316804886,0.069833726,0.14899549,0.0023493941873312,0.2106663376092912,0.0014573542,0.010201804,1.6681558372511065e-05,0.002185604395344855,1.6962291,3.1902282,-2.3497648954391477,5.31387157440186,1184.3358700847962,552.0099603941342,677.7678723393095,1999.2969101255578,1.6962290716982846,3.1902279870868395,-2.3497646278181197,5.313871244058334,0.045947060085261546,0.0029141083733276135,596752,1.0
2025-07-09 15:00:00,-56.88463,3.8398757,-61.3560733795166,-52.18905258178711,1222.9460622981676,591.6714222332306,653.5097925507339,2082.0930609176867,2632.0274923901384,1110.0358142620591,1250.0,4078.125,0.0068210512,0.010565674,0.0008556443790439516,0.01540991198271513,0.0908204578717796,0.08247574896904726,0.0302734375,0.205078125,0.504672390267619,0.6041795356021944,0.2092878445982933,0.8084198534488678,0.9356302,0.08292986,0.8823494017124176,0.9798164963722229,0.049169227,0.0652497,0.013162929099053144,0.08904878795146942,0.08549562,0.17977163,0.0019761830335482955,0.26301494240760803,0.001215877,0.007820875,1.3068038242636248e-05,0.0018079339643009007,0.3113786,3.839894,-4.159662961959839,5.006807088851929,1222.9460622888412,591.6714222310818,653.5097925571757,2082.093063024796,0.31137860462076494,3.839893783004581,-4.15966266816922,5.0068065265981065,0.05466267651542762,0.005479613783474409,389626,1.0
2025-07-09 16:00:00,-60.466785,1.918256,-62.76210708618164,-58.050985717773436,777.1858553851355,358.2292677929731,545.8182366833341,1154.5355155424304,1652.8943419297466,897.8018836712674,968.75,3109.375,0.0014602479,0.0025626796,0.0004886352980975062,0.0024300175718963146,0.04918809401400623,0.04780467346244283,0.0234375,0.09101562500000004,0.2946503133479491,0.14344497804269168,0.15491800606250763,0.45639848709106445,0.9686235,0.031563833,0.9500360012054443,0.9860113739967347,0.028366065,0.027258325,0.01293427925556898,0.04462443292140961,0.026350277,0.09207124,0.0009582669474184514,0.044740836322307645,0.0002041284,0.003018988,6.180327454785584e-06,6.741862453054639e-05,-3.2708638,1.9181834,-5.565411949157715,-0.8552631735801696,777.1858553984841,358.22926763641925,545.8182380935323,1154.5355233614712,-3.270863601817707,1.9181833267733959,-5.565411532699146,-0.8552632369587152,0.021787461093819474,0.00044464206313917296,2249,1.0
2025-08-05 19:00:00,-54.773853,3.0439153,-58.41919631958008,-51.08350143432617,833.7012271087042,466.53519013119745,460.7302670810463,1477.4840230558264,1742.5306868147075,1116.3208506740589,734.375,3484.375,0.0031595507,0.008167654,0.0002519696514355019,0.006922397762537003,0.048742203297188,0.048922618696769525,0.01953125,0.0986328125,0.5459359177343082,0.5835431291113393,0.24316989183425902,0.8746398627758027,0.9756245,0.044412095,0.9584342300891876,0.9933514595031738,0.031364065,0.057949983,0.007162039680406451,0.05398894958198071,0.02779173,0.094894305,0.0005869372631423176,0.05342492647469044,0.0006858449,0.006481256,3.5314731121616214e-06,0.0006869666045531639,2.4222398,3.0440593,-1.2231844186782836,6.112759160995484,833.7012270992337,466.5351901311396,460.7302672082568,1477.48402699753,2.422239602180379,3.0440590842218302,-1.2231850636086758,6.112758808380015,0.015339137112997272,0.0014270171536110454,1156258,651.0
2025-08-05 20:00:00,-54.843433,2.9141684,-58.4075065612793,-51.22606010437012,839.4360081248244,448.88756241089885,477.62152123510424,1467.8634941974149,1775.2999073308654,1112.9537141703363,781.25,3515.625,0.0032200674,0.0087716505,0.0002860056672943756,0.0067786735016852635,0.048128558526878445,0.04525982802141284,0.01953125,0.0966796875,0.5269393403330035,0.469730802196699,0.24848135709762573,0.8430370390415192,0.9783378,0.02723244,0.9608761072158813,0.9932158589363098,0.030638445,0.048974458,0.007770232995972037,0.05346327461302282,0.025160126,0.08039953,0.0006564393581356853,0.05373666658997536,0.0007133003,0.006699499,4.2398490677442165e-06,0.0006801251787692316,2.3526225,2.9142306,-1.211437737941742,5.970011520385743,839.4360081138301,448.8875624080369,477.6215219396249,1467.8634997064335,2.3526223448351335,2.914230515034282,-1.2114380445857025,5.970010948128261,0.01309500715465201,0.0009743439653873009,2958914,1.0
2025-08-05 21:00:00,-55.01562,3.2897377,-59.102691650390625,-51.007904052734375,876.3502882427626,510.81765246415773,492.27899682518387,1600.3691783617542,1810.5869344978798,1161.618188125273,812.5,3609.375,0.0039409823,0.011281942,0.00032149492762982844,0.008345788158476357,0.05378802274134708,0.05613681386710743,0.021484375,0.11328125,0.5442460388180361,0.6365479784124604,0.2423542007803917,0.8645290851593019,0.972761,0.04729734,0.9543524980545044,0.992095410823822,0.03709834,0.06546562,0.008719360921531916,0.06269000694155695,0.034636516,0.111563295,0.0006985369895119221,0.07166820317506792,0.0009932771,0.008403311,4.982764085070812e-06,0.0009371113730594518,2.180454,3.2898502,-1.9065556883811952,6.188147258758546,876.350288233014,510.81765246472924,492.27899882727456,1600.369176218463,2.18045388312811,3.289850156582477,-1.9065550147121382,6.1881470586914205,0.020465775708806595,0.001750838286969018,3110510,1.0
2025-08-05 22:00:00,-54.718746,2.945157,-58.2197982788086,-51.054908752441406,833.9504845046538,438.7054855189327,494.6579063825513,1422.761689666678,1744.8465529691177,1069.0682316703599,812.5,3437.5,0.0032023601,0.00880251,0.00031676341895945373,0.006478232331573969,0.04799598156145374,0.04484880922319329,0.021484375,0.091796875,0.542100047100362,0.48456869231664795,0.2560813784599304,0.8616687655448914,0.9758247,0.03251619,0.957855474948883,0.9922182559967041,0.035242867,0.055918362,0.008752075023949146,0.060957753658294686,0.024354456,0.083622366,0.0007344696903601288,0.04572765156626703,0.0007029954,0.0066062193,4.880517190031242e-06,0.0006226995377801366,2.4772995,2.9452162,-1.023703384399414,6.141066932678223,833.9504844936154,438.70548551324987,494.6579075104656,1422.76169242945,2.477299487936824,2.945216033949102,-1.02370337698725,6.141066434883626,0.013258025011672179,0.0011775241107795315,3056413,1.0
2025-08-05 23:00:00,-54.80311,3.0835547,-58.532149124145505,-50.85907096862793,807.3490358833228,438.10996783960036,473.0820905636611,1403.3930003582013,1668.0822527847477,1070.4844531744309,765.625,3359.375,0.0032557317,0.009161858,0.00028022176411468536,0.006880764383822684,0.04527966983667748,0.04299309276549103,0.01953125,0.0869140625,0.5330981709439964,0.49061910458226976,0.24831658452749253,0.8560765326023103,0.97736156,0.03068124,0.9596235930919648,0.9929589450359344,0.032235492,0.05342305,0.007871756050735711,0.055124238505959516,0.021575699,0.07647663,0.0006364268017932772,0.03874657340347769,0.0007654612,0.0073967567,4.401905243867077e-06,0.0006477365037426353,2.3929455,3.083622,-1.3359994173049927,6.3370002746582035,807.3490358750124,438.1099678395422,473.0820898295341,1403.3930062404165,2.3929453211620997,3.0836217388062566,-1.3359990535768902,6.3369997357847145,0.011848871848377301,0.001082165595033097,2911754,1.0
2025-08-06 00:00:00,-54.9238,2.9394786,-58.42146301269531,-51.238638687133786,802.3564027001971,430.40281153662073,485.06932319607154,1372.4374238101555,1668.4361040515591,1040.658049083991,796.875,3343.75,0.002971744,0.008345593,0.0002966838306747377,0.006137489993125208,0.04517827221171497,0.04381246738877781,0.01953125,0.0849609375,0.5227881560413968,0.4712657889501788,0.24759592562913896,0.8299710512161256,0.9779141,0.0314736,0.9617929279804229,0.9928984820842743,0.03149944,0.05164278,0.00813054470345378,0.05312076956033708,0.02232446,0.081607565,0.000699597445782274,0.037415166944265416,0.0006498243,0.0063003786,4.626839563570684e-06,0.0005389080848544853,2.272242,2.9394944,-1.2253100037574767,5.957261276245118,802.3564026893089,430.4028115334095,485.0693243362459,1372.4374280840223,2.2722419982408173,2.9394941585815375,-1.225309592950455,5.957260845192439,0.012208610099567417,0.001199959690312114,3215108,1.0
2025-08-06 01:00:00,-54.98786,2.625077,-58.1591121673584,-51.73797416687012,790.4514324439644,401.98674648585217,495.86588736277486,1318.9115264505328,1649.0548851852504,1014.7616105077936,812.5,3234.375,0.0028829612,0.00838553,0.00032296309364028276,0.005676866974681618,0.04308016149515998,0.038425464262111395,0.0205078125,0.078125,0.5089302179856752,0.45146640845117403,0.24882822483778003,0.8010880410671235,0.9801281,0.023940265,0.965245658159256,0.9930293560028076,0.030123856,0.047501244,0.008286959398537875,0.05137872099876404,0.018442653,0.06722233,0.0007994378043804318,0.03112415261566639,0.0006296948,0.0054747476,5.264479432298685e-06,0.0005929284903686494,2.2081769,2.6251862,-0.9629537105560301,5.4579757213592535,790.451432433376,401.9867464873461,495.8658887531719,1318.9115250533205,2.208176694695286,2.6251861370938534,-0.9629537521155668,5.457975218863298,0.009046055045333004,0.0007164639962900021,3407010,1.0
2025-08-06 02:00:00,-55.03346,2.8462772,-58.388275146484375,-51.52482528686524,771.593901848713,404.8448466423401,477.3998576642416,1299.3859462678797,1570.1936967733848,1017.577346055111,750.0,3140.625,0.0026539613,0.00799103,0.00029255333065520973,0.005152083979919554,0.042848420961209624,0.03975896859471662,0.01953125,0.0791015625,0.5182828447862604,0.5954648019242685,0.24343656599521638,0.8177576899528505,0.97974706,0.03072531,0.9649112164974213,0.993671715259552,0.031679746,0.059032947,0.007380441110581159,0.05278149396181107,0.019630687,0.07590433,0.0006851721147540957,0.030305518768727783,0.0006242873,0.005314263,5.096656195746618e-06,0.0005635516718029977,2.1625862,2.8463767,-1.1921441435813904,5.671131801605225,771.5939018386098,404.844846638898,477.399856173896,1299.3859469960364,2.162586113199832,2.8463766318897474,-1.1921442514200953,5.671132171348863,0.010935563906924671,0.0011003204165706971,3429910,1.0
2025-08-06 03:00:00,-55.64424,3.190686,-59.17247009277344,-51.96341400146484,812.9930665190165,430.41266362812667,485.0401834620584,1400.355160010882,1679.5679770439665,1075.9947361463917,781.25,3312.5,0.0032184534,0.009101558,0.00030753143946640196,0.00657748645171523,0.04620232590283032,0.0421964422637266,0.0205078125,0.0888671875,0.5178066437517218,0.761467491179888,0.2312286525964737,0.8204522490501404,0.9767178,0.036545873,0.9599797129631042,0.9929651021957397,0.035200637,0.067102805,0.007652180269360542,0.05845831558108328,0.022797104,0.081701495,0.0007100713788531721,0.03977131694555276,0.0007256939,0.005244744,5.177721504878718e-06,0.0008397752768360069,1.5518202,3.1908538,-1.9763869762420654,5.232664012908935,812.9930665077596,430.41266362413194,485.0401847501222,1400.3551574409726,1.5518201893596189,3.190853811767641,-1.976386958769012,5.232663720608959,0.01313602768617766,0.0015790168886029054,3474947,1.0
2025-08-06 04:00:00,-55.820152,2.9286792,-59.4327507019043,-52.173610305786134,754.5934902830984,407.74045658560397,460.1402570739723,1296.232217944739,1520.041998735847,1025.8097135924768,703.125,3218.75,0.0025846332,0.007848775,0.00025195133639499545,0.005222269287332898,0.041945914089122786,0.038916473771935106,0.01953125,0.076171875,0.49438606098636656,0.5004675133215892,0.22510700523853303,0.7988129138946535,0.9806641,0.02746683,0.9663078188896179,0.9936363101005554,0.028685529,0.051992584,0.006507349573075772,0.049616148695349714,0.018652191,0.07369262,0.0005844762781634927,0.02821370661258701,0.00055689283,0.0048546763,4.190238360024523e-06,0.0005885802325792614,1.3758782,2.9287417,-2.2366276025772094,5.022271871566773,754.5934902735671,407.740456586206,460.1402586331044,1296.232221963564,1.375878133260692,2.928741582490203,-2.2366271334320933,5.022271268660067,0.010292623941958888,0.001097504671869847,2274250,1.0
2025-08-06 05:00:00,-56.29443,3.1214695,-59.97413520812988,-52.34102439880371,790.2209562276588,511.40447373103166,445.89375965606195,1494.7698993813683,1543.1936981932795,1108.2888083025766,656.25,3468.75,0.0027086283,0.008277229,0.00021706181723857298,0.005657591484487057,0.04847038330768849,0.05670058565490737,0.01953125,0.1005859375,0.48665650929358306,0.5925350604276959,0.21274122297763828,0.7774246454238893,0.9771206,0.05424943,0.9663263142108918,0.9940893352031708,0.027199335,0.06409163,0.005633342312648892,0.042239405587315565,0.03423221,0.12225426,0.0005187695904169232,0.05598432533442978,0.00064160844,0.0054601063,3.4995526220882314e-06,0.0006889051059260965,0.9015577,3.1213639,-2.7780919313430785,4.854973983764649,790.2209562178414,511.40447374123823,445.8937602623928,1494.7698977589018,0.9015576836837865,3.1213638072681342,-2.778091544502623,4.85497406698727,0.021432471335682733,0.0015982528416141361,201470,1.0
2025-08-06 15:00:00,-53.289997,2.926186,-56.76094055175781,-49.69729080200195,792.3898343326681,389.84579834776156,482.6279632379379,1278.2885890490143,1659.0696474489105,986.9292565642949,812.5,3109.375,0.0026295555,0.0081529515,0.00028654423076659443,0.005052061565220365,0.040813184435196465,0.036832006221306605,0.0166015625,0.076171875,0.6012174715541999,0.8105200719543413,0.27417653799057007,0.9500203371047975,0.9803797,0.02805154,0.9639752745628357,0.9943997025489807,0.034850176,0.06681789,0.0076193131506443025,0.05849237069487572,0.017173994,0.063975774,0.0006344577879644931,0.0288703799247742,0.0007132744,0.0072434177,4.569739303406095e-06,0.0006262946757487982,3.9059927,2.9262197,0.4350174427032471,7.498691082000735,792.3898343288001,389.8457983549196,482.62796318149594,1278.2885866292397,3.9059925590897246,2.9262195035627467,0.43501741100334806,7.498691371297237,0.00892016661403588,0.001458624682335604,332505,10.0
2025-08-06 16:00:00,-53.061043,2.8413355,-56.56515235900879,-49.598746109008786,733.6634073629073,362.07365817387864,472.09340557031356,1182.7565097742906,1507.626269489304,924.6447492562505,781.25,2937.5,0.0021935555,0.006884425,0.0002647072629770264,0.004155371338129045,0.03658802980836717,0.03283122329067368,0.0166015625,0.064453125,0.5868220231860874,0.6604193507208248,0.27539428472518923,0.9314716696739197,0.98349524,0.023827126,0.9705981552600861,0.9947205781936646,0.028558753,0.057091046,0.006830861419439316,0.04612592309713366,0.013371695,0.057106517,0.0005909159255679697,0.018068159557878986,0.00048571048,0.0049294955,4.393148401504732e-06,0.0004317415790865198,4.1349373,2.8413818,0.6308585822582246,7.597149658203126,733.6634073532184,362.0736581660987,472.0934023005763,1182.7565009263676,4.1349371953980985,2.841381775570543,0.6308586213189668,7.5971490348116015,0.006689132042386053,0.0010512378835313444,2258290,1.0
2025-08-06 17:00:00,-53.249138,3.0323906,-57.01387100219726,-49.5396728515625,734.2569696962682,381.011048785825,461.26027270378364,1207.217001692379,1504.5978321709988,942.3120451717022,765.625,3015.625,0.0021711728,0.006438337,0.00023362442734651268,0.0043680240400135574,0.03663316076942387,0.03620227021272489,0.015625,0.064453125,0.5816874582201946,0.6641624041303982,0.2656127452850342,0.9337922334671023,0.98377526,0.029850451,0.9719192862510682,0.9952353835105896,0.027824778,0.0559666,0.006470054946839809,0.04530280828475952,0.015006696,0.06757784,0.0005408579716458916,0.018348506465554276,0.00047937882,0.0045742025,3.5325859698787095e-06,0.000507661397568882,3.9468515,3.0324442,0.1821404844522475,7.656228637695313,734.2569696886201,381.01104878063796,461.26027450020905,1207.2169986047181,3.946851389201608,3.032444010402571,0.18214041850765247,7.65622879723108,0.007765655705838945,0.0010533496277120137,2904069,1.0
2025-08-06 18:00:00,-53.674503,3.258305,-57.68364486694336,-49.56141204833985,713.8982943522844,390.93368842984347,436.70268752233653,1195.3896271635992,1441.0422563887694,972.994086604599,687.5,2984.375,0.002107571,0.006911677,0.00019595783669501543,0.004101672116667032,0.035770771968380376,0.03667174085479722,0.0146484375,0.0634765625,0.5552824227136541,0.6320070404597572,0.24547615349292756,0.9059970140457152,0.98470837,0.029729113,0.9731533050537109,0.99611496925354,0.026679324,0.0585093,0.005286002438515425,0.04332020580768585,0.015122248,0.06887203,0.0004480335570406169,0.017358821257948867,0.0005135497,0.00514422,3.1610924906999573e-06,0.0004537357599474483,3.5214932,3.2583134,-0.48753908872604346,7.63448839187622,713.8982943452379,390.93368842817006,436.70268733005923,1195.3896249127365,3.5214929611310892,3.2583133842034293,-0.48753938601947927,7.634488229880565,0.008658140792426954,0.0012864772133287226,2883067,1.0
2025-08-06 19:00:00,-53.918114,3.1742609,-57.839682006835936,-50.03573989868164,701.3279949122985,380.7125141250958,425.1912599799336,1177.9617182067811,1405.0178699209418,999.8617528123795,640.625,2984.375,0.0019701596,0.0064921193,0.00018156985170207917,0.003820334281772383,0.03421744389503904,0.03276671690682481,0.013671875,0.0615234375,0.5368586135572758,0.6971104451837323,0.2391168385744095,0.866078782081604,0.9867241,0.023947498,0.9762022018432617,0.9964650869369507,0.023980057,0.0529716,0.004784717131406069,0.0393450066447258,0.013027492,0.05842596,0.0004072818323038519,0.017107118293643038,0.0005115978,0.0050940635,2.843639367711148e-06,0.0004798407258931554,3.277889,3.1743484,-0.6436253190040588,7.160220336914067,701.3279949036125,380.71251412447975,425.19126142097264,1177.9617163035355,3.2778890308246096,3.174348203504039,-0.6436253961071859,7.160220029391389,0.0067860845512658,0.001198898185367514,2867633,1.0
2025-08-06 20:00:00,-54.581444,3.3519697,-58.899383544921875,-50.53888702392578,726.313351559501,416.4308777031034,425.32486549594114,1267.43467530308,1448.493329528416,1045.4930846895672,640.625,3093.75,0.0023480994,0.00759916,0.0001821142650442198,0.004709032829850912,0.03776763354316844,0.039207744021977596,0.0146484375,0.0712890625,0.5243657605788705,0.7570328379797213,0.23149850964546204,0.8403675556182861,0.9835936,0.033533234,0.9714483022689819,0.9960360527038574,0.028666906,0.06612474,0.005258325953036547,0.045540906488895416,0.017301632,0.07379028,0.00040105165680870414,0.022876117378473282,0.0006295549,0.0058698393,2.699905053304974e-06,0.0005692985141649842,2.6145642,3.3520503,-1.703317642211914,6.656996726989746,726.3133515491735,416.43087769994247,425.3248638719785,1267.4346803828525,2.614564160540373,3.352050237335727,-1.7033171497069912,6.656995789914558,0.010595518366261448,0.0018213674164247093,1962811,1.0
2025-08-06 21:00:00,-55.35084,3.3049855,-59.35924644470215,-51.19554443359375,827.0321545369358,414.354408116846,476.11134334275073,1396.5213804647742,1711.1772568279073,1116.9922222132454,718.75,3265.625,0.0033494863,0.008808698,0.00029730232781730596,0.007215635199099781,0.04389381824793642,0.036649026539272475,0.01953125,0.0830078125,0.5076100460342466,1.023278740795722,0.2315475031733513,0.7978463172912599,0.9795598,0.028067071,0.9620297133922577,0.9941598951816559,0.038758624,0.0780128,0.006931603141129017,0.07062864005565644,0.018117571,0.064538956,0.0005753940436989069,0.03289060927927502,0.00085871795,0.005990636,5.3972811656421985e-06,0.001265881117433311,1.8452388,3.305513,-2.1633973121643066,6.000441074371338,827.0321545250947,414.35440811309354,476.1113432524584,1396.521382439964,1.8452387715218237,3.3055127518612974,-2.1633975002685926,6.000440942189264,0.009193027353582815,0.0016624014096324887,190688,1.0
2025-08-08 00:00:00,-55.071793,2.566596,-57.836245727539065,-52.202111053466794,777.7012131032966,336.0622832818576,527.6879670689102,1160.0908095312566,1591.2931866394154,886.965250424199,875.0,2843.75,0.0026104148,0.007555111,0.00043615695321932437,0.0046290422789752594,0.04118266503822534,0.031075343928076066,0.021484375,0.068359375,0.5374338545737595,1.0546313438460535,0.2620881021022797,0.8037476062774662,0.97664285,0.026057543,0.9590672254562378,0.9919853568077087,0.03914986,0.065206595,0.009733069501817227,0.06519138067960745,0.013708635,0.055121507,0.000884375418536365,0.01951277852058411,0.00057444256,0.005369823,7.650540464965162e-06,0.0004721967037767184,2.1243014,2.5667474,-0.6400248646736145,4.993934726715089,777.70121309023,336.06228326739523,527.6879651751275,1160.0908101083457,2.124301198716293,2.5667474235104106,-0.6400248172310871,4.993934627349572,0.0066691528674451385,0.0018065316046165843,206473,27.0
2025-08-08 01:00:00,-55.74599,3.1924078,-59.75259666442871,-52.02632179260254,776.6931785635388,386.16729085212734,486.1441271312318,1257.6942368555574,1576.640092561239,990.9091058743993,765.625,3015.625,0.002851314,0.008179236,0.0003227355016861111,0.00549014490097761,0.041680242536719696,0.035111116282748246,0.0205078125,0.07421875,0.4963753565097646,0.7462597759582884,0.22541508823633194,0.7800663232803342,0.97762513,0.032055866,0.9613134980201721,0.9928772449493408,0.03718779,0.07161193,0.007944940775632858,0.06070627644658088,0.015604993,0.06347732,0.0006066123838536442,0.0221977511420846,0.00077113474,0.0068599307,5.634025001199916e-06,0.0007293062342796459,1.45009,3.192562,-2.556581401824951,5.169627618789672,776.6931785518481,386.1672908502573,486.1441273478644,1257.6942339407346,1.4500900344221277,3.1925620000052786,-2.5565811894991235,5.1696272164783945,0.008704503957967652,0.0018632402651472821,2380262,1.0
2025-08-08 02:00:00,-56.44837,3.35812,-60.62118644714356,-52.32901306152343,752.2753223866782,426.26921956220434,437.98598891269353,1306.9287409475387,1491.249112728117,1060.4970854988826,640.625,3109.375,0.0028260935,0.008826929,0.00021802573901368307,0.005636748485267167,0.04161033352108685,0.03987236545739453,0.0185546875,0.078125,0.4644214182899919,0.6595482633236084,0.20133612900972367,0.7508325457572937,0.9790449,0.035741795,0.9637064576148987,0.9940901398658752,0.033891946,0.07388985,0.005613652756437659,0.05694371573626998,0.018397687,0.076039456,0.00041201923741027716,0.024977200664579886,0.00077981217,0.006144849,3.544184255588334e-06,0.0008045017137192217,0.7476841,3.3582034,-3.4250756740570067,4.86701698303223,752.2753223743522,426.2692195555897,437.98598829600246,1306.9287411310404,0.7476840989269466,3.3582033817162236,-3.4250757160773873,4.867016399299903,0.01124575964837101,0.0017324494728836945,2506278,1.0
2025-08-08 03:00:00,-56.542645,3.0223699,-60.12817306518555,-52.477379989624026,759.1791028787039,422.15296052525997,437.25350354042536,1320.798570669944,1530.7669690860216,1135.0670069426378,625.0,3171.875,0.0030113233,0.009258415,0.00021348881418816747,0.005974842514842753,0.039691626764112906,0.03338402887862885,0.0185546875,0.07421875,0.4466002628434596,0.36639626883235976,0.20496929436922073,0.7319800734519959,0.9812036,0.027816156,0.9671382009983063,0.9940350711345672,0.031954564,0.07233412,0.005139861162751913,0.05336272828280926,0.013416172,0.054361593,0.0004055314901052043,0.022021545097231865,0.0009624906,0.0064337673,3.572924219952256e-06,0.0011659221141599124,0.65336865,3.0223606,-2.932127523422241,4.718536424636841,759.1791028671898,422.1529605229524,437.25350392994835,1320.798570786859,0.6533686603895275,3.022360322855651,-2.932127780914339,4.71853633822986,0.006376344086021505,0.001007168458781362,279000,1.0
2025-08-11 11:00:00,-55.077,3.2258737,-59.10923385620117,-51.37092208862305,754.2323029561289,408.18934090004717,457.0892447652137,1252.5056730856159,1484.3838995514766,1010.5539560662274,687.5,2984.375,0.0025721642,0.0077670137,0.00025543320225551724,0.005045752739533782,0.041222795368624644,0.03975143735154583,0.0185546875,0.0732421875,0.5335910273722518,0.7610991742815761,0.2357722669839859,0.8418382406234741,0.9788968,0.042311925,0.9658003449440002,0.9942713975906372,0.03395567,0.07358292,0.006489198189228773,0.0547302458435297,0.019283606,0.083046205,0.0005293035937938839,0.022947884164750576,0.0007026178,0.00577994,4.200939883958199e-06,0.000691505876602605,2.1190827,3.2260664,-1.913234829902649,5.825063705444336,754.2323029474393,408.18934090539113,457.0892465375083,1252.505673292884,2.1190826836261367,3.2260662332980568,-1.9132350526457291,5.8250634946905695,0.011839503503253579,0.002545794200850233,897166,80.0
2025-08-11 12:00:00,-55.922394,3.4695818,-60.28636932373047,-51.66200637817383,731.6307874371257,410.50723333013883,430.60070368086696,1257.7909339159428,1442.7160059163384,1044.1792509015936,640.625,3031.25,0.0026884023,0.008483304,0.00020265995408408344,0.00537443021312356,0.038625326023606785,0.035849455247920874,0.017578125,0.0703125,0.4879465297908486,0.7258995203472864,0.20651355385780334,0.7997090220451355,0.98219836,0.030272692,0.9686533808708191,0.9953761696815491,0.031321865,0.066987306,0.005486096255481243,0.05263052508234978,0.015232338,0.065913,0.00039283945807255805,0.02023386023938656,0.000751719,0.006205105,3.2335751711798366e-06,0.0008012141915969551,1.2736465,3.4696834,-3.0902605056762695,5.534024238586426,731.6307874247547,410.50723332445097,430.60070377983385,1257.79093811386,1.2736463656747703,3.4696832003870717,-3.0902603728998286,5.534023271410556,0.008774142849342031,0.001693694496194526,3278041,1.0
2025-08-11 13:00:00,-55.424263,3.092448,-59.08436546325684,-51.79245986938477,725.0639937064909,385.96316145587474,433.8399813817591,1206.7684353240447,1439.707044968073,1006.2965492351865,640.625,2937.5,0.0025047075,0.0079174405,0.00020317948074080052,0.004842041619122026,0.03742146344476734,0.03275590990856033,0.0166015625,0.06640625,0.5111100026474452,0.8074501472855111,0.22523057013750078,0.80926895737648,0.98264533,0.029419562,0.9693050444126129,0.9954404234886169,0.031343732,0.066123046,0.005470864661037922,0.052709268778562544,0.013282642,0.058855254,0.0004129046195885167,0.01727057993412017,0.000673224,0.005754487,3.220820258320601e-06,0.0006818123802077025,1.7717916,3.0925694,-1.8883212804794307,5.403552198410034,725.0639936950454,385.96316145189314,433.8399806311967,1206.7684369729357,1.7717915169028169,3.0925692545429437,-1.8883209827383862,5.403551816107678,0.007123800570972282,0.0016811368170298224,2995592,1.0
2025-08-11 14:00:00,-55.19792,3.2224066,-59.03319206237793,-51.11491546630859,764.5689864094581,390.80097993319663,454.5588255122117,1265.0994426887437,1536.1295097724226,1055.2724667765267,671.875,3000.0,0.0028844683,0.008362674,0.00024634494329802694,0.005702422419562947,0.03984471799942814,0.032276347271419176,0.0185546875,0.0732421875,0.5182551040444697,0.8514975355336132,0.2346381649374962,0.8263976633548736,0.98080707,0.029951738,0.9638986051082611,0.9954152524471283,0.03737488,0.07872578,0.005486250808462501,0.0690416522324086,0.01349579,0.05449704,0.000499179057078436,0.020990462973713892,0.00079554506,0.0055516185,4.272877777111716e-06,0.0009185412840452055,1.9981414,3.222506,-1.8370090007781983,6.0809080600738525,764.568986399417,390.80097993293776,454.55882324902035,1265.099442262542,1.9981414011848593,3.2225058974017475,-1.8370086717550476,6.080907775787718,0.006541081991809428,0.0017432636847736524,650504,1.0
2025-08-13 17:00:00,-57.00754,2.8846576,-60.41703338623047,-53.5843002319336,672.0079138346279,355.4013209563644,422.52549208467957,1028.2338007462902,1315.7505964007034,981.9736560891907,593.75,2734.375,0.0019711754,0.0073626395,0.00019328261259943247,0.002934831753373146,0.03234186081574498,0.025388268808284802,0.0166015625,0.052734375,0.415506793810534,0.9875859169226601,0.18145723640918732,0.6543061256408691,0.9883979,0.020640334,0.9788967251777649,0.9964134097099304,0.020964712,0.052624103,0.00417070770636201,0.0331766165792942,0.008423245,0.042621583,0.0004047008347697556,0.010678484477102752,0.00054331584,0.0044608987,3.2556726182519927e-06,0.0003583214827813206,0.188479,2.884697,-3.2208871841430664,3.6118280410766586,672.0079138320141,355.40132094218126,422.5254894631885,1028.2337987724088,0.18847899130300938,2.884696715943335,-3.220887327004122,3.611827832752679,0.004343643413112556,0.0013409905839139435,102909,51.0
2025-08-13 18:00:00,-56.316063,3.287247,-60.26131629943848,-52.13601875305176,705.5824648984875,398.52791264317216,403.97156529661873,1197.1608491214574,1359.339635960178,1053.5796939084541,562.5,2906.25,0.0025320682,0.008790191,0.00016270640480797738,0.004734701942652464,0.0362552860929951,0.03290991999677733,0.015625,0.0654296875,0.4512535633522619,0.6928554383294132,0.19627542793750763,0.7335304915904999,0.98422,0.028763944,0.971692681312561,0.996249258518219,0.029503599,0.06960132,0.004262037109583616,0.04917932115495205,0.012730447,0.05797596,0.00033476061071269214,0.01628789585083723,0.0007486718,0.0065845056,2.5472318156971596e-06,0.0006386238965205848,0.880001,3.2874267,-3.06520414352417,5.060072660446167,705.5824648885108,398.5279126433895,403.97156540177093,1197.1608470953724,0.8800009650362869,3.2874266788466127,-3.0652039959490383,5.060072477601457,0.006895763599827049,0.0016399638663768326,2021386,1.0
2025-08-13 19:00:00,-55.939743,3.3303509,-60.070516967773436,-51.95676956176758,707.7714499982765,372.4052782510615,428.8014030726636,1155.6066779552154,1382.520431828234,1005.5854569499826,625.0,2843.75,0.0023380688,0.0076607764,0.00020133734215050937,0.004317880235612393,0.03594879852142753,0.03000359733860976,0.017578125,0.0615234375,0.4716987865109791,0.7623281319177165,0.20612934231758118,0.7549199223518372,0.9845731,0.02580721,0.9729822516441345,0.9955881237983704,0.027541589,0.061689205,0.005063997115939856,0.0450218290090561,0.011544985,0.052525412,0.00040879542357288303,0.014970945194363596,0.0006242433,0.0050910697,3.3205053114215845e-06,0.0005683077964931726,1.2563021,3.3304791,-2.8744656562805173,5.239178657531738,707.7714499853691,372.40527824636354,428.80140368238943,1155.606674375681,1.2563020960207023,3.3304790831315705,-2.8744653184936557,5.239178029875798,0.005751274659382487,0.0015300234690040584,3470535,1.0
2025-08-13 20:00:00,-55.91068,3.6494944,-60.597174072265624,-51.447348785400386,723.6224863981258,387.0961955939061,432.0790493091537,1210.8510247443319,1401.4233288791936,1023.8864827745881,625.0,2906.25,0.0025626908,0.007877761,0.00021177874004933985,0.005037586390972146,0.03866071212441367,0.03315649596317561,0.0185546875,0.068359375,0.4937272810592696,0.8304789442224245,0.2100454866886139,0.7990013837814331,0.98185456,0.029759131,0.968660569190979,0.994512677192688,0.03280299,0.069652885,0.005777672026306391,0.05540403872728348,0.0136749875,0.060405016,0.0003911876294296235,0.018155074864625937,0.0006692212,0.0051416736,3.735651716851862e-06,0.0007442942005582158,1.2853822,3.6496484,-3.4010947227478026,5.748657417297364,723.6224863876025,387.09619559294396,432.0790507239332,1210.8510246400933,1.2853820179724074,3.6496482152432486,-3.4010945993164685,5.748656966300856,0.007113476836040985,0.0018761814875275541,2535469,1.0
2025-08-13 21:00:00,-57.442547,3.9028838,-62.03368301391602,-52.55487899780273,717.3378538870801,390.47536492280307,430.37439323253494,1207.7011131197016,1381.506163577895,1042.8411900934327,625.0,2890.625,0.0026778202,0.008976979,0.00022750568750780077,0.005033946037292477,0.03828570400913193,0.03237124320034695,0.0185546875,0.068359375,0.4431717197330865,1.1532469173803557,0.17628938257694243,0.7084805607795714,0.98161215,0.026900802,0.9673019886016846,0.9940271854400635,0.034172658,0.06846565,0.0071899120695888994,0.05807854756712913,0.013071813,0.057050604,0.0003376832464709878,0.017799280583858476,0.0007713517,0.006155652,4.330328192736488e-06,0.0007621672237291927,-0.24650505,3.9030406,-4.837718105316162,4.641084384918212,717.3378538736321,390.4753649298758,430.37439333564123,1207.7011152748523,-0.2465050184519131,3.9030405318094066,-4.837717821246284,4.641084398587451,0.007272658283083481,0.0027541240715503092,316253,1.0
2025-08-19 01:00:00,-55.869045,2.8010118,-58.746080017089845,-52.910762023925784,708.2675256431245,393.11192427699837,416.7053281172821,1205.8156118974628,1366.7724925286896,1036.5393038233337,578.125,2890.625,0.0021090829,0.0066667474,0.00019523737719282508,0.004104968812316657,0.03746854489553518,0.03495632031368503,0.0166015625,0.0693359375,0.4800228541497787,0.9713820232633802,0.2114485651254654,0.7226406693458559,0.9851761,0.034376238,0.9746879458427429,0.9967013120651245,0.0293479,0.0767369,0.004230550769716501,0.049021405726671234,0.015529573,0.06383809,0.00038993573980405927,0.023113088309764863,0.0007568832,0.009683765,3.5996611586597285e-06,0.000506313389632851,1.3271452,2.8013818,-1.5499461174011229,4.285443496704102,708.2675256305754,393.1119242671892,416.705328756289,1205.815611865383,1.3271452042357674,2.8013816709122565,-1.549946064877803,4.285443596537015,0.00896800021363942,0.0028889876161967815,411909,124.0
2025-08-19 02:00:00,-55.75884,2.726928,-58.737374496459964,-52.56669654846191,651.6470907211958,350.5523848501318,404.83430674911557,1058.433693375172,1220.3445775066943,966.5068755573091,546.875,2609.375,0.0017945936,0.0062905513,0.00016883862699614837,0.0032207307638600475,0.03213585811409602,0.027197660128252473,0.015625,0.052734375,0.468295217109281,0.6835607994060343,0.21272445172071458,0.7325260937213898,0.9883835,0.024080105,0.9793946385383606,0.9969856142997742,0.022230802,0.055865362,0.003942358819767833,0.03634980842471123,0.0094741965,0.04859572,0.00036347173736430707,0.010236304532736565,0.0005425132,0.005404484,2.956933190034761e-06,0.0004436469491338359,1.4372469,2.7270174,-1.5412514805793758,4.629350709915162,651.6470907118922,350.552384850384,404.8343062779326,1058.4336948225523,1.4372467941974219,2.727017216425292,-1.5412513731026125,4.629350894579171,0.00484945540251209,0.002176785620526104,1371288,1.0
2025-08-19 03:00:00,-55.25095,2.6147516,-58.29227523803711,-52.05290298461914,607.2575963556901,295.23776805302526,407.1165150422078,910.6951638039919,1111.2799086120958,847.1262616493462,562.5,2109.375,0.0014432328,0.005511047,0.00016739391430746763,0.0022342302836477783,0.02853558206073179,0.01928404608855366,0.015625,0.04296875,0.4771660798521534,0.564925956562904,0.2226151645183563,0.7551608443260194,0.9907829,0.013253804,0.9836198568344117,0.9968994855880737,0.017788516,0.03859897,0.0040180830284953116,0.029935795813798922,0.0050897375,0.026783032,0.0003798596910201013,0.005689062457531696,0.00036830286,0.0038292892,2.7516598038346276e-06,0.0002556241757702084,1.9450761,2.6147668,-1.096136808395386,5.143186569213867,607.2575963469634,295.2377680491039,407.1165139979783,910.6951619775992,1.9450759782890923,2.614766756873946,-1.0961365876828812,5.143185865387082,0.0014805322751213397,0.0011002373398644855,1451505,1.0
2025-08-19 04:00:00,-55.1526,2.784489,-58.34388656616211,-51.73869018554687,610.1654361149865,305.7285022247057,403.52968357287733,942.2115893524445,1120.0403857493054,855.4949196717057,562.5,2234.375,0.0014492854,0.0053198175,0.00015859799168538302,0.0024347841273993265,0.02949123319228969,0.021522465827075853,0.015625,0.044921875,0.4891737206170937,0.7589908121031195,0.22253105938434603,0.7730024814605715,0.98957604,0.019698024,0.9825015068054199,0.9967131853103638,0.019326631,0.046800677,0.0041354608722031115,0.030443808063864708,0.0062353374,0.034392096,0.0003745266585610807,0.006438193004578357,0.00035035782,0.0033089588,2.4678971385583282e-06,0.00026741520850919197,2.0434587,2.7846467,-1.1477755308151245,5.457293605804446,610.1654361070896,305.72850222570116,403.5296829529785,942.2115915932355,2.0434586838922444,2.7846467458756674,-1.1477758257666486,5.457293075344595,0.0025335102472275957,0.0011645866819095748,1497527,1.0
2025-08-19 05:00:00,-55.186783,2.8626027,-58.39552993774414,-51.80042343139648,639.1236599918751,335.166648035419,402.6273099236494,1002.8696324688955,1196.7736489079216,918.5175517415944,562.5,2421.875,0.001744399,0.006702895,0.00016334860702045263,0.002875621360726655,0.03110810593654985,0.024660658223642263,0.015625,0.05078125,0.5049804183309138,1.1446852023417833,0.2220372810959816,0.7832205891609194,0.98758477,0.023186559,0.978126710653305,0.9967571496963501,0.02255343,0.05472923,0.004103179508820176,0.03638104312121869,0.008099432,0.041740272,0.0003513507981551811,0.008740594796836379,0.0004868255,0.0049192947,2.727516471168201e-06,0.00032503399997949744,2.0093162,2.8628142,-1.1995042562484741,5.395759582519536,639.1236599825954,335.1666480391236,402.6273104048574,1002.8696339823442,2.0093160659337386,2.8628140472959127,-1.1995040561072208,5.395759694504263,0.004181195851316034,0.0023428092222124546,1433322,1.0
2025-08-19 06:00:00,-54.49451,3.3457713,-58.44245910644531,-50.59881019592285,721.8148310440033,381.2830375082599,444.8483078861934,1182.403246704205,1409.1537532874254,995.1860012100675,656.25,2750.0,0.002621533,0.009157762,0.00023335878358921036,0.004821705399081111,0.03635507349244929,0.030370444271978884,0.017578125,0.0625,0.5623074177206122,0.9436575894394702,0.23909106850624084,0.8818658888339996,0.9814164,0.040848818,0.9707146883010864,0.9953024983406067,0.03466098,0.080429934,0.005537557182833552,0.056904394179582596,0.012195294,0.056929965,0.0004926207184325904,0.01423506485298276,0.0007277516,0.006596148,4.386499540487421e-06,0.0006885547481942922,2.7015715,3.3459852,-1.246388018131256,6.597334146499634,721.8148310334451,381.2830375066023,444.84830863511024,1182.4032422917799,2.7015713485681836,3.345985122328623,-1.2463883361082635,6.597334305680603,0.00790949969286908,0.004133265300672033,1422846,1.0
2025-08-19 07:00:00,-53.898098,2.9454715,-57.43162498474121,-50.10967903137207,643.9601479497896,274.6833541754153,444.0786735052298,908.1742296383444,1254.2433132890822,763.4014021991046,687.5,1937.5,0.0015769239,0.005954855,0.0002127928368281573,0.0025118685094639667,0.030273961222306224,0.018543788092464708,0.017578125,0.044921875,0.5609472912309632,0.6233998646097685,0.25932068228721616,0.9054463386535645,0.9861874,0.017687958,0.975829941034317,0.995147168636322,0.02519466,0.046471916,0.0057257986161857845,0.043091346323490154,0.0048390995,0.025452608,0.0005033733323216438,0.005503051448613409,0.0003736861,0.004032568,3.7987225823599146e-06,0.00022196324716787833,3.2979002,2.9455168,-0.23548680692911148,7.086244440078736,643.9601479419948,274.6833541789969,444.07867339442817,908.1742280188265,3.297900166048838,2.9455167886080695,-0.23548679800354888,7.0862438843604645,0.0014979664438669715,0.0009722040884516194,1424598,1.0
2025-08-19 08:00:00,-55.098286,3.7586927,-60.33177947998047,-50.61439094543457,608.8782350966444,267.7820098519748,431.75472815131434,802.7949437785519,1157.447728658007,736.3372354535841,640.625,1609.375,0.0013609508,0.0051933792,0.0001895858789794147,0.0017701999400742351,0.02882947409166651,0.017692871476617345,0.017578125,0.0400390625,0.48801279843374556,0.38238102810863617,0.21007971912622453,0.818781840801239,0.9878002,0.016308384,0.9790768027305603,0.9955894947052002,0.02075569,0.039483152,0.005295908683910966,0.03383826240897179,0.0042830696,0.026788784,0.00043405822943896053,0.003934899903833866,0.00034835783,0.0043530883,3.0962686651037074e-06,0.00012454468378564343,2.0976937,3.7586432,-3.135771298408508,6.581570863723754,608.8782350862986,267.782009851043,431.7547278763403,802.7949427826708,2.097693509738691,3.7586430743132992,-3.135771273652359,6.581570805047497,0.0015727590552076327,0.0005629403646400813,1266564,1.0
2025-08-19 09:00:00,-56.292847,4.0811133,-61.81161880493164,-51.072383880615234,593.707042053595,263.8751971818986,399.51644250409356,795.5894663171447,1114.930500084158,731.601399709914,578.125,1593.75,0.0012458408,0.0050912225,0.00013985802070237696,0.0016676903469488025,0.027987814714497433,0.016818860580105118,0.0166015625,0.0390625,0.450663437924112,0.419871930802212,0.18143585324287415,0.769983172416687,0.98771125,0.016994003,0.97914719581604,0.9957411885261536,0.021327551,0.044108387,0.004455504938960075,0.03472345694899559,0.003844288,0.023255453,0.0002726266684476286,0.003991879988461733,0.00030670542,0.003913284,2.3096270069800084e-06,0.00010944544192170724,0.90320945,4.0810995,-4.615320682525635,6.123374938964844,593.7070420456301,263.8751971851193,399.5164447184932,795.5894659773762,0.903209423121384,4.081099528079996,-4.615320573626696,6.123374007758603,0.0013636454407741398,0.0009671041933523711,350531,1.0
2025-08-19 15:00:00,-54.570683,2.6116312,-57.53627014160156,-51.438480377197266,714.0691674634089,360.90670859140357,494.95771688567964,995.913711848212,1418.006918448228,870.0946180536201,828.125,2234.375,0.0025502122,0.010679936,0.00034255412174388766,0.0035546552389860153,0.03521508560225892,0.029683629515732196,0.0185546875,0.0517578125,0.5518963400889829,0.7719202322349984,0.2677474617958069,0.8432931900024414,0.9796905,0.027840188,0.9655876159667969,0.9929854273796082,0.035893735,0.059723165,0.009485352784395218,0.06009150668978691,0.0081682075,0.041131247,0.0007284934399649501,0.008291379548609257,0.0011967553,0.013653987,6.3246320678445045e-06,0.00032180355628952384,2.6253517,2.6117806,-0.3401612639427185,5.757739067077637,714.0691674624497,360.9067086139892,494.95771531591987,995.9137101429969,2.625351516199502,2.6117804240746594,-0.3401612860044225,5.75773843571444,0.004265797753926897,0.0019442751667557965,241221,6.0
2025-08-19 16:00:00,-53.49206,2.8068612,-56.84395217895508,-50.000741958618164,648.5795926788079,276.2933640109023,456.8710026709678,915.663003334554,1246.9657171612287,750.3330672045311,718.75,1890.625,0.001650129,0.006117201,0.00023859160719439388,0.002706163772381843,0.031015731924693757,0.018882317559333128,0.017578125,0.044921875,0.5929951849917475,0.8112301411216296,0.2795235484838486,0.9345471858978271,0.9838759,0.021325124,0.9723123133182525,0.994207501411438,0.031836484,0.05496785,0.007523184828460217,0.055874751135706904,0.0047643306,0.025445905,0.0005094355787150562,0.005180998565629125,0.00041210421,0.0051778946,3.947862751374487e-06,0.0002482112118741498,3.703938,2.8069654,0.35222047567367554,7.195198631286622,648.5795926701668,276.29336400359824,456.871001661267,915.6630022210767,3.703937901506731,2.806965333836904,0.352220108435457,7.195198402533105,0.0016275488638417765,0.0013299010966757229,1471538,1.0
2025-08-19 17:00:00,-54.12191,3.0173542,-57.74981803894043,-50.51102867126465,645.6347187601494,292.398972609665,440.77018471734345,940.6544961451411,1239.9006972619488,784.5636471250627,703.125,1937.5,0.0016221742,0.0055518392,0.0002075689932098612,0.002867615781724453,0.03091157912352514,0.02077458835755278,0.0166015625,0.0458984375,0.5526495486800346,0.7240724436338302,0.25037020444869995,0.8834831655025482,0.9839503,0.025861984,0.9717342257499695,0.9953476965427399,0.031865776,0.05951987,0.006341248890385032,0.055786659568548204,0.0055115274,0.033264346,0.0004157676798058674,0.0051863610744476325,0.00042160333,0.004811582,3.426677790230315e-06,0.0002976320771267639,3.0741196,3.0174448,-0.553575563430786,6.684878015518189,645.6347187489087,292.3989726021244,440.7701842460672,940.6544972491519,3.074119466277217,3.0174446829081254,-0.5535755481185268,6.68487805768399,0.002424902768362392,0.0016010707256480573,1953068,1.0
2025-08-19 18:00:00,-55.935837,3.353005,-60.21541404724121,-51.75465202331543,609.8992422182132,315.6381763536148,392.60384517669775,923.0024450394848,1144.8120356498669,833.5849640296761,546.875,1953.125,0.0014755556,0.0057041934,0.0001385491486871615,0.0025511336280032992,0.02893114631945957,0.022892112546948833,0.0146484375,0.0439453125,0.4449589109272425,0.483100537228442,0.19364354014396667,0.7304395139217377,0.98692477,0.029262109,0.9774774312973022,0.9968478083610535,0.023247363,0.05952746,0.0038097373908385634,0.037214143201708794,0.006427777,0.04139622,0.0002834205806721002,0.004926788853481412,0.00044996358,0.0059642983,2.264567228849046e-06,0.00025073943834286183,1.2602422,3.3530529,-3.01924991607666,5.4415318965911865,609.8992422057738,315.6381763523602,392.60384406217554,923.0024433322212,1.2602421733829878,3.353052671017757,-3.0192500134329747,5.441531571775561,0.003817445852915504,0.001386096410880034,1276246,1.0
2025-08-19 19:00:00,-54.246407,3.5012395,-58.572288513183594,-49.53659210205078,522.6456031292632,249.35007773039112,345.2639124880895,740.8826671265389,916.7821445854894,719.000479019551,421.875,1343.75,0.0008266829,0.003697225,8.415157644776627e-05,0.0012561341049149638,0.02251716173268064,0.012760672039330711,0.01171875,0.033203125,0.4950693299334254,0.3263485796449483,0.20821939110755922,0.8540344834327699,0.99340695,0.012224453,0.9887612581253051,0.997691011428833,0.014180461,0.03336853,0.0025677110068500044,0.02620543204247952,0.0018339198,0.0114033315,0.00016157801437657326,0.0019367464352399112,0.00022066718,0.0028477467,1.3144733202352654e-06,0.00014275009452831004,2.9495513,3.5011823,-1.3763985395431515,7.659252834320069,522.6456031174612,249.3500777156095,345.26391187564116,740.8826650396004,2.9495513095345536,3.501182151671318,-1.376398624987439,7.659252812636708,0.00021591035997468638,0.0004094851654692328,134315,1.0
2025-08-21 15:00:00,-52.39872,2.7118971,-55.8222713470459,-49.27216491699219,633.6381553696227,312.49347441365546,420.749167544097,1012.4075105885188,1232.0746093191246,890.6145912421221,656.25,2109.375,0.001651233,0.0051248586,0.00016112721496028826,0.003474273928441109,0.026246257977146213,0.017801219857439387,0.01171875,0.04296875,0.5676096013680503,0.7244191110705824,0.261597341299057,0.8949400424957276,0.9883115,0.018914433,0.9785738468170166,0.9968616485595703,0.025914367,0.053845037,0.00502735348418355,0.04502555541694165,0.0032416428,0.017640319,0.0003592443914385512,0.0040510525926947686,0.00043816358,0.0033031055,2.877177666960051e-06,0.0005738594278227557,4.7972674,2.7121093,1.3736990213394162,7.923586797714234,633.638155359716,312.4934744082674,420.74916675759016,1012.4075076249239,4.7972673748676575,2.7121091538259945,1.3736987305771993,7.923586793897134,0.0007330853955085109,0.0010132074572068851,167784,44.0
2025-08-21 16:00:00,-52.984272,3.2173843,-57.148765563964844,-49.12295913696289,617.5791678427574,297.88686790820526,418.6709368487782,906.445095036508,1186.8303246281448,812.9556528319065,656.25,1843.75,0.0015141914,0.0061091464,0.00016035437874961644,0.002495724381878972,0.027166294449831735,0.0185349884344628,0.013671875,0.041015625,0.5578450694447743,0.7466652861919251,0.253409343957901,0.8923186540603638,0.98724324,0.021884382,0.9775884270668029,0.9960909485816956,0.026357166,0.054602794,0.0057785968296229845,0.0444313943386078,0.0038813322,0.023626659,0.0003504419175442308,0.00406830068677664,0.00044676874,0.005290249,2.7392324682296023e-06,0.0002720143995247785,4.211726,3.2174237,0.04719267636537576,8.072942924499513,617.5791678336853,297.88686790578726,418.6709357615501,906.4450937848343,4.2117260244169055,3.217423492449054,0.047192453047590344,8.072942690741277,0.0013351975049321774,0.0012929499899442113,2272323,1.0
2025-08-21 17:00:00,-54.071842,3.2985265,-58.167534255981444,-49.92488098144531,614.5748505092301,305.8028666130966,407.33208754280554,919.7444713527144,1172.069447595725,842.3427006604281,609.375,1890.625,0.0015245641,0.0058818003,0.00015063165046740325,0.0025920123327523494,0.027084629798354444,0.01945729657601932,0.013671875,0.0419921875,0.5043064775114767,0.6738994197547264,0.22698250859975816,0.8115825414657594,0.98771614,0.021756928,0.9781064987182617,0.9965040683746338,0.02516079,0.05479446,0.004737301496788859,0.043169243633747106,0.004274824,0.026789993,0.0003306949598481879,0.004191696317866445,0.00045317583,0.0050784056,2.582862475719594e-06,0.0002995057817315686,3.1241899,3.2985868,-0.9714726507663725,7.271175050735475,614.5748504995579,305.80286660967363,407.33208924259384,919.7444690978317,3.12418963292126,3.2985868147058555,-0.9714727376337531,7.271174436946456,0.0016962148121489038,0.0013425759306492247,2556280,1.0
2025-08-21 18:00:00,-54.568687,3.566662,-58.65105285644531,-49.887797546386714,656.3400843673702,365.42810278777085,398.18700147691214,1074.2136895598048,1261.7284947476892,961.5257208853153,609.375,2468.75,0.0021490254,0.008063729,0.00013810902310069651,0.003923324123024944,0.030235275578100247,0.02646524406979563,0.01171875,0.05078125,0.5112697205577855,0.791096206106012,0.22056244015693666,0.8214930772781384,0.9853598,0.034154538,0.9754088163375855,0.9968416810035705,0.03340206,0.07955067,0.004518193006515504,0.054812927544116985,0.0074994904,0.040846247,0.0002706209197640419,0.007317531667649798,0.0006219388,0.005633029,2.450022839184385e-06,0.0005302746547386056,2.6274722,3.5668955,-1.4549884796142578,7.30864524841309,656.3400843547154,365.428102769293,398.1869997514235,1074.2136886793558,2.6274721052855714,3.5668952709173634,-1.4549883712009657,7.30864516632022,0.0036020240237469047,0.0026915209400329133,325095,1.0
2025-08-25 19:00:00,-51.829056,3.6534414,-56.28916931152344,-46.93747253417968,802.8264359461913,374.0194658516653,486.11310165126395,1307.0826695601004,1529.375,1040.2936179232936,640.625,2981.2500000000005,0.0036522357,0.008111798,0.00037917575100436806,0.009360635094344618,0.040953125,0.025980418250101875,0.0185546875,0.07968750000000005,0.7679990340471268,0.752249845865878,0.28826250433921813,1.281588125228883,0.96460265,0.056698397,0.918382728099823,0.9930562138557434,0.10786217,0.1910087,0.008278257213532925,0.3762221753597261,0.0067296177,0.013490626,0.0003749731054995209,0.019225480780005456,0.00041756034,0.0013451908,1.2470435831346548e-05,0.0006751184584572916,5.367001,3.6530309,0.906665027141571,10.258257293701172,802.8264359280035,374.0194658345523,486.1131025784155,1307.0826671845864,5.367000865186534,3.653030903506456,0.9066647954233976,10.258257254645082,0.0,0.008,125,97.0
2025-08-25 20:00:00,-54.702198,3.9214318,-59.4205997467041,-50.01090354919433,598.5459626155719,326.25344533391154,385.54443710419037,903.0170167423645,1103.7119710749826,870.9307242706869,562.5,1796.875,0.001658672,0.007394972,0.0001268952721147798,0.002507388708181682,0.0267985239930044,0.02104229188744176,0.01171875,0.04296875,0.5166049606282235,1.4408073628763909,0.20648954361677171,0.7789166271686557,0.9860586,0.029626044,0.9755689620971679,0.9967746734619141,0.028654229,0.06996136,0.004562270268797875,0.0459034882485867,0.0041803634,0.026433557,0.00025573499442543834,0.003952707629650834,0.00059142325,0.0070676114,2.05657613605581e-06,0.0002783108851872388,2.4940226,3.921753,-2.224570322036743,7.185226821899414,598.5459626054036,326.253445333022,385.54443705030616,903.0170156705449,2.494022545347022,3.921752846302664,-2.224570164788629,7.185226238247635,0.001874599285826501,0.0036437567847190083,1413102,1.0
2025-08-25 21:00:00,-53.55108,3.552616,-57.933794021606445,-49.34641075134277,595.8402750408432,291.31614740018534,394.7367768200029,852.3759584495949,1119.6562067249438,780.0449624648837,593.75,1671.875,0.0014879468,0.0069339415,0.00013165202108211815,0.0021597616141662,0.0257648532555654,0.01775644688679144,0.01171875,0.0400390625,0.5465665502487898,1.1577240177892152,0.23143304139375687,0.8533669710159302,0.9865806,0.027665155,0.9757867753505707,0.9967893362045288,0.027829228,0.06264666,0.004736912436783314,0.04744018614292145,0.0032582062,0.01940452,0.00028329160704743117,0.0038489351281896234,0.00042239844,0.00536631,2.105962039422593e-06,0.00018829444888979197,3.644962,3.5526707,-0.7377285361289978,7.849483013153076,595.8402750347773,291.3161473986082,394.73677612036624,852.3759584642034,3.6449618914660933,3.5526705325701275,-0.7377290841911183,7.8494828012958795,0.0012831623589005402,0.002908539307416889,3512416,1.0
2025-08-25 22:00:00,-53.166897,3.5157726,-57.676937103271484,-48.97058296203613,616.9577920351987,304.1759664939449,397.12821025577597,917.9669417327939,1183.1742136961093,829.8614469534995,609.375,1828.125,0.0016239585,0.006499653,0.0001294803078053519,0.002710360800847411,0.026333051847799074,0.018129034551099907,0.01171875,0.04296875,0.5612745905430059,1.0040242699302646,0.23602556437253952,0.8949727118015289,0.98683137,0.025939602,0.9757060706615448,0.9971401691436768,0.029535694,0.06633825,0.004341952269896865,0.05199950002133846,0.0032883359,0.016881242,0.0003093340783379972,0.004690731642767787,0.00044909868,0.004985154,2.0761010546266334e-06,0.0002855903294403106,4.0291185,3.5158339,-0.4808221757411957,8.22534465789795,616.9577920258696,304.1759664881952,397.1282093101304,917.9669431963877,4.0291182361298485,3.5158337992771536,-0.4808221666338775,8.225344638372688,0.0009343960787150602,0.002368872170232169,3649416,1.0
2025-08-25 23:00:00,-51.855106,3.6758275,-56.53847198486328,-47.71683197021484,563.0487451093635,266.00567741552993,375.49603242073675,801.5444858511336,1044.3265598519097,729.8681475955719,546.875,1546.875,0.0011189227,0.004909648,0.00010337442945456133,0.0017112630186602478,0.022677384204255475,0.015435962398691255,0.009765625,0.037109375,0.6168644729301513,1.5123710589094954,0.24905869066715242,0.936961340904236,0.9901303,0.020205416,0.9813060641288758,0.9977422952651978,0.022976633,0.055763215,0.003144846996292472,0.040653046965599154,0.0022335663,0.0114415735,0.0002775397384539247,0.0033576470334082866,0.00032383675,0.004629472,1.7737909274728738e-06,0.00014638525608461444,5.34097,3.6759965,0.6576679348945619,9.479346847534181,563.0487451042271,266.00567741393684,375.49603356600005,801.5444871296785,5.340969554126545,3.6759964402319203,0.6576678531627339,9.479346934930655,0.0004503965419840354,0.003425158464516688,2331279,1.0
2025-08-26 00:00:00,-49.285244,3.5938969,-53.32694778442383,-45.15051498413086,592.0046829097328,279.99604290609744,379.48922073576676,897.0803911577697,1107.957792770098,772.43381229013,531.25,1781.25,0.0012205172,0.0049201353,0.00010903920192504302,0.002225095266476276,0.022883654341956106,0.015062328237897254,0.009765625,0.0390625,0.8304558100336585,2.431263877790093,0.3066548466682434,1.1814885854721073,0.99037355,0.020622995,0.9827642202377319,0.9974287748336792,0.024730759,0.062238097,0.0029553911183029416,0.04654056504368782,0.0025033886,0.013207413,0.0003117664076853544,0.0036082000471651557,0.00030546385,0.0032674423,1.9604297904152195e-06,0.00027357532526366417,7.910881,3.5943441,3.869128513336182,12.045639801025391,592.0046829057028,279.9960428857552,379.4892204824253,897.0803927119613,7.9108809823584085,3.594344108300748,3.8691287465453628,12.045639076417082,0.000661271530686148,0.006027017665396606,158785,1.0
2025-08-28 16:00:00,-53.073994,2.269735,-55.69736099243164,-50.48885650634765,525.4933549416247,169.19517120420215,418.2546611205962,620.6655680509327,940.1028337535465,468.2516446547799,640.625,1218.75,0.0006225877,0.0025391153,0.00016598101938143374,0.0007723674760200084,0.02350827398414248,0.010030475244111048,0.015625,0.03125,0.5504583755233199,0.7512457362027728,0.26085612177848816,0.8488256692886356,0.9903237,0.012818951,0.9838984608650208,0.9961488127708436,0.017960196,0.037927058,0.005439590942114591,0.02697620503604413,0.0016687312,0.0077803247,0.0005286825005896389,0.0023373194970190527,0.00012517508,0.0022546505,2.7149591460329247e-06,2.483511780155823e-05,4.1219025,2.2697592,1.4983781337738038,6.707036018371586,525.4933549357869,169.1951712045338,418.2546621198823,620.6655695432659,4.1219025036829136,2.269759043736794,1.4983783310862115,6.707035530136085,0.0002148458481039854,0.0021547774765723242,158253,64.0
2025-08-28 17:00:00,-52.486282,2.56301,-55.38010139465332,-49.593177032470706,569.8581668079235,214.73928321907366,423.8373452233707,725.9430092854573,1052.8986538222168,578.1600876818238,656.25,1390.625,0.0010156429,0.0048537026,0.00017628524219617247,0.0013787338277325035,0.025541440912235244,0.012657701392589458,0.015625,0.0361328125,0.6419824549423025,1.2335469853964214,0.2853770196437836,0.990950894355774,0.9872317,0.023301814,0.9785146534442901,0.9957836270332336,0.025143558,0.05612659,0.0057838634122163056,0.03949667885899545,0.0020643028,0.011064373,0.0004696503601735458,0.0027684013126418,0.00021845297,0.00368028,3.0676931146444986e-06,7.333488974836656e-05,4.7096295,2.5631132,1.8158184051513673,7.602707004547119,569.8581668025287,214.73928321881056,423.83734509567046,725.9430087072511,4.7096293694649995,2.563113127191388,1.8158178141945092,7.6027069064640775,0.0004860790591689956,0.00219689563564604,2201288,1.0
2025-08-28 18:00:00,-51.642487,2.8410122,-54.89720001220703,-48.29679412841797,614.0625325722242,227.41349866712955,436.32308695696366,798.2795046990176,1162.0360509446791,616.0764102619034,687.5,1546.875,0.0012479508,0.0044514714,0.00019234104838687925,0.0019314175937324763,0.027447466644316135,0.01375003728476549,0.015625,0.041015625,0.728270314923344,1.3447755907275616,0.3153009593486786,1.144862985610962,0.985065,0.022401867,0.9737207889556885,0.9951704144477844,0.031189362,0.06093537,0.006243769451975823,0.05434045344591143,0.0022191943,0.00874005,0.00048300947528332475,0.00337092699483037,0.00026182013,0.0040704464,3.2966707749437774e-06,0.00012240833311807377,5.553515,2.8412397,2.2987890720367434,8.899101829528808,614.0625325640478,227.41349866620718,436.3230856899799,798.2795070479956,5.553514922730703,2.841239597350432,2.2987888377801986,8.899101919058543,0.0003479224419661105,0.002425771056959708,2581035,1.0
2025-08-28 19:00:00,-50.90575,3.7281904,-54.796180725097656,-46.77458572387695,666.3717114815646,284.31622462572057,475.49366242430403,882.0049328956875,1272.5970859106305,767.1233956756964,765.625,1687.5,0.0016193598,0.0052347826,0.0002890895848395303,0.00262992677744478,0.029817932246237036,0.01555659148790233,0.0166015625,0.044921875,0.9346129527121013,2.646207408503251,0.34863652288913727,1.3209911584854126,0.9817196,0.027764395,0.9689723253250122,0.9940102100372314,0.037223883,0.06948671,0.007493042387068272,0.0670633427798748,0.0026686643,0.011775838,0.0004976103373337537,0.0038913488388061523,0.0008256778,0.011750522,5.165776883586659e-06,0.0002627977810334414,6.2909107,3.7292514,2.3995877504348755,10.422574996948242,666.3717114672656,284.3162246127989,475.4936621968026,882.0049320697241,6.290910713595621,3.729251310860458,2.399587392956369,10.42257511708403,0.0006865527207103533,0.008081706312361872,305876,1.0
2025-08-29 19:00:00,-52.650234,2.8160973,-55.651322555541995,-49.730948257446286,630.5772859612002,271.5151844122974,438.7183596123547,900.5918086591195,1142.032430306701,735.8554509507052,671.875,1609.375,0.0015618695,0.006099967,0.00023063703411025928,0.0025715925497934227,0.02983525849505375,0.018242159554336206,0.015625,0.048828125,0.6515889186311504,1.2166516595937193,0.2814382821321487,0.9769754946231842,0.979383,0.039119206,0.9608087122440339,0.9954810082912445,0.048205957,0.102567784,0.006356061017140746,0.10347180590033533,0.0024404912,0.0126467645,0.00037026359932497145,0.0030621968908235457,0.00040710304,0.004769732,4.3841465412697286e-06,0.00025157254131045196,4.545792,2.8165193,1.544619607925415,7.464942598342896,630.5772859514117,271.5151843934845,438.7183591797642,900.5918097632347,4.54579190532177,2.816519180939438,1.5446193710233886,7.464942187801752,0.0005636030215851545,0.003852689311731355,118878,24.0
2025-08-29 20:00:00,-52.490704,2.6713135,-55.60474319458008,-49.305302429199216,597.8184993472694,193.56041768330869,449.03339731690096,736.0002505847153,1094.5887439799185,530.6509184968439,718.75,1406.25,0.001051497,0.003538,0.0002420638455078006,0.0015517103951424363,0.025947138917061886,0.01200918209794417,0.015625,0.037109375,0.6489025724661808,1.0564324465036217,0.2935006618499756,1.0242044448852539,0.98508453,0.019781223,0.9735282063484192,0.9950624704360962,0.028685886,0.05183089,0.006986680068075657,0.048376584798097616,0.001697884,0.0065242248,0.0004307212599087507,0.002565146237611771,0.00021003495,0.0037889949,4.481732321437448e-06,7.269196648849176e-05,4.705264,2.6714437,1.591273832321167,7.890661430358888,597.818499341897,193.56041768124905,449.0333965961037,736.0002507491095,4.705263763050375,2.6714435995829944,1.5912739799409035,7.89066145491485,0.0001344210980723304,0.001620751301427173,1688723,1.0
2025-08-29 21:00:00,-52.550694,2.7088113,-55.70218772888184,-49.28565979003906,598.8829805817171,210.1836535237606,435.2314289397776,754.3618947296884,1076.0689857107802,590.4587971435606,656.25,1421.875,0.0011053369,0.003671757,0.0002147805251297541,0.0016827786806970836,0.02596499098126952,0.012573622095654583,0.0146484375,0.0380859375,0.6410159991321908,0.9530386581737117,0.29269774854183195,1.0123770236968999,0.9853724,0.020487979,0.9738619923591614,0.9954155862331391,0.028293757,0.05357956,0.006141772354021668,0.04815657362341881,0.0017698708,0.0071528507,0.00039058416441548614,0.002662632567808032,0.00024430567,0.0038321253,3.944485843021539e-06,0.00010353054167353553,4.64525,2.7089279,1.49382541179657,7.910286474227908,598.8829805741316,210.1836535190808,435.2314288719927,754.3618948172664,4.645249569217896,2.7089278998332844,1.4938255285817472,7.9102860008453515,0.00019335991190864093,0.001278194437757522,2575508,1.0
2025-08-29 22:00:00,-52.630657,2.7247741,-55.70018424987793,-49.48972434997559,643.4155740027478,255.0244098544177,459.16466085158515,859.6591344485784,1174.1102211703308,726.475887307128,703.125,1562.5,0.0015279758,0.004668504,0.00027420613332651556,0.002539115422405302,0.028278722913094998,0.014380347560867226,0.015625,0.0419921875,0.659792118905261,1.2485245731217378,0.30442388355731964,1.0073710680007932,0.9840913,0.02106226,0.9717016637325286,0.994846647977829,0.033370174,0.059105672,0.007404278265312314,0.05932728536427018,0.0021775768,0.0085603325,0.0004401559970574454,0.0030743254115805025,0.00047063848,0.006210769,5.412920927483356e-06,0.00032184079173021003,4.565418,2.7250867,1.4958185315132142,7.70627942085266,643.4155739969312,255.0244098538628,459.16466165679685,859.6591367650326,4.565417349196629,2.7250865632918932,1.4958186999237013,7.706278235338509,0.00031892900363049615,0.0022173759580475997,793280,1.0
2025-09-14 09:00:00,-52.602295,2.7386746,-55.89640808105469,-49.34931945800781,589.9364065873419,242.66194500162294,418.07089679575023,766.219226738261,1044.1013072937233,672.5898363515342,609.375,1437.5,0.0012260639,0.0050999164,0.00019574095495045185,0.0017118529649451375,0.024818723673457766,0.013744747413582694,0.013671875,0.0361328125,0.628711202096224,0.820966227460002,0.27546271681785583,1.013431429862976,0.98776793,0.02200742,0.9788026213645935,0.9964749813079834,0.026914792,0.061786614,0.005046105943620205,0.0426102839410305,0.0020923766,0.011334628,0.0003512627154123038,0.0025447504594922066,0.00029359918,0.004006933,4.2705887608462945e-06,0.00012296550266910344,4.5936623,2.7388,1.299612045288086,7.846536636352539,589.9364065798576,242.66194499739805,418.07089646015794,766.2192270738753,4.593662254714051,2.7387999872304274,1.2996122262027918,7.846536172437166,0.0005769056574569893,0.001436987567507196,1137101,371.0
2025-09-14 10:00:00,-51.526897,2.8747027,-54.92749557495117,-48.05481071472168,631.5166371837512,244.89720928777254,445.6750605178281,806.085794682968,1176.2090468226086,654.6567697395802,671.875,1562.5,0.0014718886,0.0056105414,0.00024362308613490313,0.0020562224788591276,0.02679712710074918,0.014327493030124816,0.0146484375,0.0390625,0.7223134121259193,0.8786426491254117,0.3120822787284851,1.1633916616439821,0.98476195,0.025120186,0.9734074652194977,0.9956178069114685,0.03084322,0.062689796,0.0058601209428161384,0.051646955683827406,0.0027654925,0.01537501,0.00041100168600678445,0.003199508693069221,0.00032925062,0.0051878802,5.52793785573158e-06,0.00013113748864270809,5.66906,2.874784,2.268493819236755,9.141025733947755,631.5166371761943,244.89720928702286,445.67506026226016,806.0857929708501,5.669059756403956,2.874783896124035,2.2684938940461534,9.141025470125179,0.0012903553116511807,0.0017162459939240487,2996074,1.0
2025-09-14 11:00:00,-51.070377,2.7706752,-54.38803329467773,-47.65628585815429,661.1382962855007,221.0901776718416,491.6633335700482,819.0291482037011,1265.476097076655,583.2377688949944,828.125,1593.75,0.0015903767,0.005151976,0.00033302172960247844,0.0022823907434940385,0.02871529522306403,0.014272429553378945,0.0166015625,0.0419921875,0.7470673815940617,0.8065103040690064,0.3418122410774231,1.1954875111579897,0.9817069,0.02326803,0.9679040729999542,0.9938175678253174,0.03546444,0.059809256,0.00838584564626217,0.06162054799497128,0.0025976654,0.011465021,0.0005479588638991117,0.00344191915355623,0.00028345644,0.004504649,6.735369470334262e-06,0.0001251837602467282,6.12556,2.7707508,2.8080177545547484,9.539597225189217,661.138296282037,221.09017767822868,491.6633322408651,819.0291481726708,6.125559922210017,2.7707506454187185,2.8080176758429216,9.53959754534877,0.0005882457736750938,0.001499564211634179,2918848,1.0
2025-09-14 12:00:00,-50.6775,2.864777,-54.14613647460938,-46.99122695922851,680.0813029571528,210.1228055398898,511.5467556287938,846.3526867011217,1295.4816216701743,572.3921535395499,859.375,1640.625,0.0016231849,0.004423253,0.00038885819376446314,0.0025954268407076607,0.029567818163999685,0.013430993343928868,0.017578125,0.04296875,0.7718869870927905,0.7921064624153695,0.35901642441749576,1.2425270795822143,0.9805019,0.02265055,0.9661929965019226,0.9928851962089539,0.0366499,0.05793103,0.009239544533193112,0.06420947313308718,0.002509018,0.009821936,0.0006023730267770589,0.0037865595892071727,0.00028621985,0.0037909306,7.570907291665207e-06,0.0001642513263504953,6.5184093,2.8647776,3.049854278564453,10.204598426818848,680.0813029516429,210.12280553550934,511.54675568423323,846.3526844763204,6.518409004217595,2.864777484701965,3.0498539540980505,10.204598422239476,0.00042303431503693824,0.001137749824460076,1035377,1.0
2025-09-14 13:00:00,-50.32636,1.9733267,-52.74230117797852,-47.806017303466795,720.5349741364771,147.97062256415532,594.552208351939,835.5993692911765,1421.578071804395,400.3186456762424,1093.75,1703.125,0.0016008439,0.002379584,0.0006296447128988803,0.0023803669493645432,0.032058391848498916,0.010017091934985723,0.021484375,0.04296875,0.7098911501875385,0.286452894926919,0.39383162260055543,1.0790794849395753,0.9793346,0.013517909,0.965177321434021,0.9906880140304566,0.039330862,0.03429898,0.015568522550165654,0.06678422540426254,0.00311101,0.003247948,0.0012950929347425699,0.005122941732406616,0.00016594795,0.0013570522,9.835636046773288e-06,9.178012405755002e-05,6.8695073,1.97328,4.453481292724609,9.389825248718262,720.5349741295572,147.97062257953073,594.5522077144947,835.5993674143278,6.86950698937738,1.973279973675535,4.453480932091879,9.389824870295742,0.0,6.190034045187249e-05,16155,1.0
